{"protocolVersion":"0.1.1","runnerVersion":null,"pid":97306,"type":"start","time":0}
{"suite":{"id":0,"platform":"vm","path":"/Users/forest/code/langGraph/flutter_forge/apps/flutter_forge/test/modules/ui/adsorption_line/adsorption_line_test.dart"},"type":"suite","time":0}
{"test":{"id":1,"name":"loading /Users/forest/code/langGraph/flutter_forge/apps/flutter_forge/test/modules/ui/adsorption_line/adsorption_line_test.dart","suiteID":0,"groupIDs":[],"metadata":{"skip":false,"skipReason":null},"line":null,"column":null,"url":null},"type":"testStart","time":0}
{"suite":{"id":2,"platform":"vm","path":"/Users/forest/code/langGraph/flutter_forge/apps/flutter_forge/test/modules/ui/font_picker/font_picker_test.dart"},"type":"suite","time":2}
{"test":{"id":3,"name":"loading /Users/forest/code/langGraph/flutter_forge/apps/flutter_forge/test/modules/ui/font_picker/font_picker_test.dart","suiteID":2,"groupIDs":[],"metadata":{"skip":false,"skipReason":null},"line":null,"column":null,"url":null},"type":"testStart","time":2}
{"suite":{"id":4,"platform":"vm","path":"/Users/forest/code/langGraph/flutter_forge/apps/flutter_forge/test/modules/ui/flutter_scene_3d/scene_camera_controller_test.dart"},"type":"suite","time":2}
{"test":{"id":5,"name":"loading /Users/forest/code/langGraph/flutter_forge/apps/flutter_forge/test/modules/ui/flutter_scene_3d/scene_camera_controller_test.dart","suiteID":4,"groupIDs":[],"metadata":{"skip":false,"skipReason":null},"line":null,"column":null,"url":null},"type":"testStart","time":2}
{"suite":{"id":6,"platform":"vm","path":"/Users/forest/code/langGraph/flutter_forge/apps/flutter_forge/test/modules/ui/flutter_scene_3d/scene_selection_controller_test.dart"},"type":"suite","time":2}
{"test":{"id":7,"name":"loading /Users/forest/code/langGraph/flutter_forge/apps/flutter_forge/test/modules/ui/flutter_scene_3d/scene_selection_controller_test.dart","suiteID":6,"groupIDs":[],"metadata":{"skip":false,"skipReason":null},"line":null,"column":null,"url":null},"type":"testStart","time":2}
{"suite":{"id":8,"platform":"vm","path":"/Users/forest/code/langGraph/flutter_forge/apps/flutter_forge/test/modules/ui/flutter_scene_3d/scene_interaction_mode_test.dart"},"type":"suite","time":2}
{"test":{"id":9,"name":"loading /Users/forest/code/langGraph/flutter_forge/apps/flutter_forge/test/modules/ui/flutter_scene_3d/scene_interaction_mode_test.dart","suiteID":8,"groupIDs":[],"metadata":{"skip":false,"skipReason":null},"line":null,"column":null,"url":null},"type":"testStart","time":2}
{"count":37,"time":3,"type":"allSuites"}

[{"event":"test.startedProcess","params":{"vmServiceUri":null}}]

[{"event":"test.startedProcess","params":{"vmServiceUri":null}}]

[{"event":"test.startedProcess","params":{"vmServiceUri":null}}]

[{"event":"test.startedProcess","params":{"vmServiceUri":null}}]

[{"event":"test.startedProcess","params":{"vmServiceUri":null}}]
{"testID":5,"result":"success","skipped":false,"hidden":true,"type":"testDone","time":1042}
{"group":{"id":10,"suiteID":4,"parentID":null,"name":"","metadata":{"skip":false,"skipReason":null},"testCount":6,"line":null,"column":null,"url":null},"type":"group","time":1042}
{"group":{"id":11,"suiteID":4,"parentID":10,"name":"SceneCameraController","metadata":{"skip":false,"skipReason":null},"testCount":6,"line":5,"column":3,"url":"file:///Users/forest/code/langGraph/flutter_forge/apps/flutter_forge/test/modules/ui/flutter_scene_3d/scene_camera_controller_test.dart"},"type":"group","time":1043}
{"test":{"id":12,"name":"SceneCameraController auto tour advances until direct manipulation takes over","suiteID":4,"groupIDs":[10,11],"metadata":{"skip":false,"skipReason":null},"line":6,"column":5,"url":"file:///Users/forest/code/langGraph/flutter_forge/apps/flutter_forge/test/modules/ui/flutter_scene_3d/scene_camera_controller_test.dart"},"type":"testStart","time":1043}
{"testID":7,"result":"success","skipped":false,"hidden":true,"type":"testDone","time":1043}
{"group":{"id":13,"suiteID":6,"parentID":null,"name":"","metadata":{"skip":false,"skipReason":null},"testCount":1,"line":null,"column":null,"url":null},"type":"group","time":1043}
{"test":{"id":14,"name":"selection can be replaced and cleared","suiteID":6,"groupIDs":[13],"metadata":{"skip":false,"skipReason":null},"line":5,"column":3,"url":"file:///Users/forest/code/langGraph/flutter_forge/apps/flutter_forge/test/modules/ui/flutter_scene_3d/scene_selection_controller_test.dart"},"type":"testStart","time":1043}
{"testID":14,"result":"success","skipped":false,"hidden":false,"type":"testDone","time":1052}
{"testID":12,"result":"success","skipped":false,"hidden":false,"type":"testDone","time":1054}
{"test":{"id":15,"name":"SceneCameraController coasting decays within the bounded duration and new input cancels it","suiteID":4,"groupIDs":[10,11],"metadata":{"skip":false,"skipReason":null},"line":29,"column":5,"url":"file:///Users/forest/code/langGraph/flutter_forge/apps/flutter_forge/test/modules/ui/flutter_scene_3d/scene_camera_controller_test.dart"},"type":"testStart","time":1054}
{"testID":15,"result":"success","skipped":false,"hidden":false,"type":"testDone","time":1055}
{"test":{"id":16,"name":"SceneCameraController zoom, pitch, reduced motion, and reset remain bounded","suiteID":4,"groupIDs":[10,11],"metadata":{"skip":false,"skipReason":null},"line":47,"column":5,"url":"file:///Users/forest/code/langGraph/flutter_forge/apps/flutter_forge/test/modules/ui/flutter_scene_3d/scene_camera_controller_test.dart"},"type":"testStart","time":1055}
{"suite":{"id":17,"platform":"vm","path":"/Users/forest/code/langGraph/flutter_forge/apps/flutter_forge/test/modules/ui/flutter_scene_3d/flutter_scene_3d_test.dart"},"type":"suite","time":1057}
{"test":{"id":18,"name":"loading /Users/forest/code/langGraph/flutter_forge/apps/flutter_forge/test/modules/ui/flutter_scene_3d/flutter_scene_3d_test.dart","suiteID":17,"groupIDs":[],"metadata":{"skip":false,"skipReason":null},"line":null,"column":null,"url":null},"type":"testStart","time":1057}
{"testID":16,"result":"success","skipped":false,"hidden":false,"type":"testDone","time":1057}
{"test":{"id":19,"name":"SceneCameraController expanded zoom range exposes a relative zoom scale","suiteID":4,"groupIDs":[10,11],"metadata":{"skip":false,"skipReason":null},"line":65,"column":5,"url":"file:///Users/forest/code/langGraph/flutter_forge/apps/flutter_forge/test/modules/ui/flutter_scene_3d/scene_camera_controller_test.dart"},"type":"testStart","time":1058}
{"testID":19,"result":"success","skipped":false,"hidden":false,"type":"testDone","time":1059}
{"test":{"id":20,"name":"SceneCameraController basic mode rejects direct manipulation but keeps button controls","suiteID":4,"groupIDs":[10,11],"metadata":{"skip":false,"skipReason":null},"line":77,"column":5,"url":"file:///Users/forest/code/langGraph/flutter_forge/apps/flutter_forge/test/modules/ui/flutter_scene_3d/scene_camera_controller_test.dart"},"type":"testStart","time":1059}
{"testID":20,"result":"success","skipped":false,"hidden":false,"type":"testDone","time":1059}
{"test":{"id":21,"name":"SceneCameraController mode changes normalize interrupted transition and coasting","suiteID":4,"groupIDs":[10,11],"metadata":{"skip":false,"skipReason":null},"line":91,"column":5,"url":"file:///Users/forest/code/langGraph/flutter_forge/apps/flutter_forge/test/modules/ui/flutter_scene_3d/scene_camera_controller_test.dart"},"type":"testStart","time":1059}
{"testID":21,"result":"success","skipped":false,"hidden":false,"type":"testDone","time":1060}
{"suite":{"id":22,"platform":"vm","path":"/Users/forest/code/langGraph/flutter_forge/apps/flutter_forge/test/modules/ui/download_animation/download_animation_test.dart"},"type":"suite","time":1063}
{"test":{"id":23,"name":"loading /Users/forest/code/langGraph/flutter_forge/apps/flutter_forge/test/modules/ui/download_animation/download_animation_test.dart","suiteID":22,"groupIDs":[],"metadata":{"skip":false,"skipReason":null},"line":null,"column":null,"url":null},"type":"testStart","time":1063}
{"testID":9,"result":"success","skipped":false,"hidden":true,"type":"testDone","time":1070}
{"group":{"id":24,"suiteID":8,"parentID":null,"name":"","metadata":{"skip":false,"skipReason":null},"testCount":1,"line":null,"column":null,"url":null},"type":"group","time":1070}
{"test":{"id":25,"name":"Android uses view-only mode while desktop remains interactive","suiteID":8,"groupIDs":[24],"metadata":{"skip":false,"skipReason":null},"line":6,"column":3,"url":"file:///Users/forest/code/langGraph/flutter_forge/apps/flutter_forge/test/modules/ui/flutter_scene_3d/scene_interaction_mode_test.dart"},"type":"testStart","time":1070}
{"testID":25,"result":"success","skipped":false,"hidden":false,"type":"testDone","time":1078}
{"suite":{"id":26,"platform":"vm","path":"/Users/forest/code/langGraph/flutter_forge/apps/flutter_forge/test/modules/ui/gcode_visualizer/gcode_visualizer_test.dart"},"type":"suite","time":1081}
{"test":{"id":27,"name":"loading /Users/forest/code/langGraph/flutter_forge/apps/flutter_forge/test/modules/ui/gcode_visualizer/gcode_visualizer_test.dart","suiteID":26,"groupIDs":[],"metadata":{"skip":false,"skipReason":null},"line":null,"column":null,"url":null},"type":"testStart","time":1081}

[{"event":"test.startedProcess","params":{"vmServiceUri":null}}]

[{"event":"test.startedProcess","params":{"vmServiceUri":null}}]

[{"event":"test.startedProcess","params":{"vmServiceUri":null}}]
{"testID":3,"result":"success","skipped":false,"hidden":true,"type":"testDone","time":1379}
{"group":{"id":28,"suiteID":2,"parentID":null,"name":"","metadata":{"skip":false,"skipReason":null},"testCount":5,"line":null,"column":null,"url":null},"type":"group","time":1379}
{"test":{"id":29,"name":"catalog exposes platform fonts and a fallback","suiteID":2,"groupIDs":[28],"metadata":{"skip":false,"skipReason":null},"line":11,"column":3,"url":"file:///Users/forest/code/langGraph/flutter_forge/apps/flutter_forge/test/modules/ui/font_picker/font_picker_test.dart"},"type":"testStart","time":1379}
{"testID":29,"result":"success","skipped":false,"hidden":false,"type":"testDone","time":1388}
{"test":{"id":30,"name":"selecting a font updates the selected row and preview","suiteID":2,"groupIDs":[28],"metadata":{"skip":false,"skipReason":null},"line":174,"column":5,"url":"package:flutter_test/src/widget_tester.dart","root_line":23,"root_column":3,"root_url":"file:///Users/forest/code/langGraph/flutter_forge/apps/flutter_forge/test/modules/ui/font_picker/font_picker_test.dart"},"type":"testStart","time":1388}
{"testID":23,"result":"success","skipped":false,"hidden":true,"type":"testDone","time":1506}
{"group":{"id":31,"suiteID":22,"parentID":null,"name":"","metadata":{"skip":false,"skipReason":null},"testCount":1,"line":null,"column":null,"url":null},"type":"group","time":1506}
{"test":{"id":32,"name":"DownloadAnimationPage renders teaching components","suiteID":22,"groupIDs":[31],"metadata":{"skip":false,"skipReason":null},"line":174,"column":5,"url":"package:flutter_test/src/widget_tester.dart","root_line":7,"root_column":3,"root_url":"file:///Users/forest/code/langGraph/flutter_forge/apps/flutter_forge/test/modules/ui/download_animation/download_animation_test.dart"},"type":"testStart","time":1506}
{"testID":1,"result":"success","skipped":false,"hidden":true,"type":"testDone","time":1536}
{"group":{"id":33,"suiteID":0,"parentID":null,"name":"","metadata":{"skip":false,"skipReason":null},"testCount":4,"line":null,"column":null,"url":null},"type":"group","time":1536}
{"test":{"id":34,"name":"AdsorptionLinePage renders teaching components","suiteID":0,"groupIDs":[33],"metadata":{"skip":false,"skipReason":null},"line":174,"column":5,"url":"package:flutter_test/src/widget_tester.dart","root_line":11,"root_column":3,"root_url":"file:///Users/forest/code/langGraph/flutter_forge/apps/flutter_forge/test/modules/ui/adsorption_line/adsorption_line_test.dart"},"type":"testStart","time":1536}
{"testID":27,"result":"success","skipped":false,"hidden":true,"type":"testDone","time":1590}
{"group":{"id":35,"suiteID":26,"parentID":null,"name":"","metadata":{"skip":false,"skipReason":null},"testCount":1,"line":null,"column":null,"url":null},"type":"group","time":1590}
{"test":{"id":36,"name":"GcodeVisualizerPage renders key elements","suiteID":26,"groupIDs":[35],"metadata":{"skip":false,"skipReason":null},"line":174,"column":5,"url":"package:flutter_test/src/widget_tester.dart","root_line":6,"root_column":3,"root_url":"file:///Users/forest/code/langGraph/flutter_forge/apps/flutter_forge/test/modules/ui/gcode_visualizer/gcode_visualizer_test.dart"},"type":"testStart","time":1590}
{"testID":18,"result":"success","skipped":false,"hidden":true,"type":"testDone","time":1765}
{"group":{"id":37,"suiteID":17,"parentID":null,"name":"","metadata":{"skip":false,"skipReason":null},"testCount":12,"line":null,"column":null,"url":null},"type":"group","time":1766}
{"test":{"id":38,"name":"shows title, learning content, and semantic controls","suiteID":17,"groupIDs":[37],"metadata":{"skip":false,"skipReason":null},"line":174,"column":5,"url":"package:flutter_test/src/widget_tester.dart","root_line":18,"root_column":3,"root_url":"file:///Users/forest/code/langGraph/flutter_forge/apps/flutter_forge/test/modules/ui/flutter_scene_3d/flutter_scene_3d_test.dart"},"type":"testStart","time":1766}
{"testID":30,"result":"success","skipped":false,"hidden":false,"type":"testDone","time":1968}
{"test":{"id":39,"name":"loading a local font inserts and selects a custom option","suiteID":2,"groupIDs":[28],"metadata":{"skip":false,"skipReason":null},"line":174,"column":5,"url":"package:flutter_test/src/widget_tester.dart","root_line":49,"root_column":3,"root_url":"file:///Users/forest/code/langGraph/flutter_forge/apps/flutter_forge/test/modules/ui/font_picker/font_picker_test.dart"},"type":"testStart","time":1968}
{"testID":32,"result":"success","skipped":false,"hidden":false,"type":"testDone","time":2036}
{"suite":{"id":40,"platform":"vm","path":"/Users/forest/code/langGraph/flutter_forge/apps/flutter_forge/test/modules/platform/usb_detector/usb_detector_test.dart"},"type":"suite","time":2043}
{"test":{"id":41,"name":"loading /Users/forest/code/langGraph/flutter_forge/apps/flutter_forge/test/modules/platform/usb_detector/usb_detector_test.dart","suiteID":40,"groupIDs":[],"metadata":{"skip":false,"skipReason":null},"line":null,"column":null,"url":null},"type":"testStart","time":2043}
{"testID":34,"result":"success","skipped":false,"hidden":false,"type":"testDone","time":2051}
{"test":{"id":42,"name":"adsorption board fits supported viewports","suiteID":0,"groupIDs":[33],"metadata":{"skip":false,"skipReason":null},"line":174,"column":5,"url":"package:flutter_test/src/widget_tester.dart","root_line":28,"root_column":3,"root_url":"file:///Users/forest/code/langGraph/flutter_forge/apps/flutter_forge/test/modules/ui/adsorption_line/adsorption_line_test.dart"},"type":"testStart","time":2051}
{"testID":39,"result":"success","skipped":false,"hidden":false,"type":"testDone","time":2061}
{"test":{"id":43,"name":"cancelled local font selection leaves list unchanged","suiteID":2,"groupIDs":[28],"metadata":{"skip":false,"skipReason":null},"line":174,"column":5,"url":"package:flutter_test/src/widget_tester.dart","root_line":72,"root_column":3,"root_url":"file:///Users/forest/code/langGraph/flutter_forge/apps/flutter_forge/test/modules/ui/font_picker/font_picker_test.dart"},"type":"testStart","time":2061}

[{"event":"test.startedProcess","params":{"vmServiceUri":null}}]
{"testID":43,"result":"success","skipped":false,"hidden":false,"type":"testDone","time":2120}
{"test":{"id":44,"name":"weight comparison exposes controls and toggles italic","suiteID":2,"groupIDs":[28],"metadata":{"skip":false,"skipReason":null},"line":174,"column":5,"url":"package:flutter_test/src/widget_tester.dart","root_line":83,"root_column":3,"root_url":"file:///Users/forest/code/langGraph/flutter_forge/apps/flutter_forge/test/modules/ui/font_picker/font_picker_test.dart"},"type":"testStart","time":2121}
{"testID":44,"result":"success","skipped":false,"hidden":false,"type":"testDone","time":2261}
{"testID":42,"result":"success","skipped":false,"hidden":false,"type":"testDone","time":2261}
{"test":{"id":45,"name":"drawing state throttles drag updates within one frame","suiteID":0,"groupIDs":[33],"metadata":{"skip":false,"skipReason":null},"line":49,"column":3,"url":"file:///Users/forest/code/langGraph/flutter_forge/apps/flutter_forge/test/modules/ui/adsorption_line/adsorption_line_test.dart"},"type":"testStart","time":2262}
{"testID":45,"result":"success","skipped":false,"hidden":false,"type":"testDone","time":2265}
{"test":{"id":46,"name":"drawing painter repaints only when version or selection changes","suiteID":0,"groupIDs":[33],"metadata":{"skip":false,"skipReason":null},"line":73,"column":3,"url":"file:///Users/forest/code/langGraph/flutter_forge/apps/flutter_forge/test/modules/ui/adsorption_line/adsorption_line_test.dart"},"type":"testStart","time":2265}
{"suite":{"id":47,"platform":"vm","path":"/Users/forest/code/langGraph/flutter_forge/apps/flutter_forge/test/modules/platform/usb_detector/usb_detection_service_test.dart"},"type":"suite","time":2267}
{"test":{"id":48,"name":"loading /Users/forest/code/langGraph/flutter_forge/apps/flutter_forge/test/modules/platform/usb_detector/usb_detection_service_test.dart","suiteID":47,"groupIDs":[],"metadata":{"skip":false,"skipReason":null},"line":null,"column":null,"url":null},"type":"testStart","time":2267}
{"testID":46,"result":"success","skipped":false,"hidden":false,"type":"testDone","time":2267}
{"suite":{"id":49,"platform":"vm","path":"/Users/forest/code/langGraph/flutter_forge/apps/flutter_forge/test/modules/platform/webview/webview_session_test.dart"},"type":"suite","time":2274}
{"test":{"id":50,"name":"loading /Users/forest/code/langGraph/flutter_forge/apps/flutter_forge/test/modules/platform/webview/webview_session_test.dart","suiteID":49,"groupIDs":[],"metadata":{"skip":false,"skipReason":null},"line":null,"column":null,"url":null},"type":"testStart","time":2274}
{"testID":36,"messageType":"print","message":"GCODE_GPU_INIT_FAILED Exception: Failed to initialize ShaderLibrary: Flutter GPU requires the Impeller rendering backend, but Impeller is not enabled. For more details about where Impeller is available and how to enable it, see: https://docs.flutter.dev/perf/impeller","type":"print","time":2300}

[{"event":"test.startedProcess","params":{"vmServiceUri":null}}]
{"testID":36,"result":"success","skipped":false,"hidden":false,"type":"testDone","time":2339}
{"suite":{"id":51,"platform":"vm","path":"/Users/forest/code/langGraph/flutter_forge/apps/flutter_forge/test/modules/platform/webview/webview_test.dart"},"type":"suite","time":2347}
{"test":{"id":52,"name":"loading /Users/forest/code/langGraph/flutter_forge/apps/flutter_forge/test/modules/platform/webview/webview_test.dart","suiteID":51,"groupIDs":[],"metadata":{"skip":false,"skipReason":null},"line":null,"column":null,"url":null},"type":"testStart","time":2347}

[{"event":"test.startedProcess","params":{"vmServiceUri":null}}]
{"testID":38,"result":"success","skipped":false,"hidden":false,"type":"testDone","time":2410}
{"test":{"id":53,"name":"enhanced mode supports drag takeover and mode comparison","suiteID":17,"groupIDs":[37],"metadata":{"skip":false,"skipReason":null},"line":174,"column":5,"url":"package:flutter_test/src/widget_tester.dart","root_line":40,"root_column":3,"root_url":"file:///Users/forest/code/langGraph/flutter_forge/apps/flutter_forge/test/modules/ui/flutter_scene_3d/flutter_scene_3d_test.dart"},"type":"testStart","time":2410}

[{"event":"test.startedProcess","params":{"vmServiceUri":null}}]
{"testID":53,"result":"success","skipped":false,"hidden":false,"type":"testDone","time":2535}
{"test":{"id":54,"name":"reduced motion disables automatic and inertial motion","suiteID":17,"groupIDs":[37],"metadata":{"skip":false,"skipReason":null},"line":174,"column":5,"url":"package:flutter_test/src/widget_tester.dart","root_line":64,"root_column":3,"root_url":"file:///Users/forest/code/langGraph/flutter_forge/apps/flutter_forge/test/modules/ui/flutter_scene_3d/flutter_scene_3d_test.dart"},"type":"testStart","time":2535}
{"testID":54,"result":"success","skipped":false,"hidden":false,"type":"testDone","time":2572}
{"test":{"id":55,"name":"Android view-only mode renders scene without controls","suiteID":17,"groupIDs":[37],"metadata":{"skip":false,"skipReason":null},"line":174,"column":5,"url":"package:flutter_test/src/widget_tester.dart","root_line":81,"root_column":3,"root_url":"file:///Users/forest/code/langGraph/flutter_forge/apps/flutter_forge/test/modules/ui/flutter_scene_3d/flutter_scene_3d_test.dart"},"type":"testStart","time":2572}
{"testID":55,"result":"success","skipped":false,"hidden":false,"type":"testDone","time":2592}
{"test":{"id":56,"name":"basic mode blocks wheel zoom","suiteID":17,"groupIDs":[37],"metadata":{"skip":false,"skipReason":null},"line":174,"column":5,"url":"package:flutter_test/src/widget_tester.dart","root_line":104,"root_column":3,"root_url":"file:///Users/forest/code/langGraph/flutter_forge/apps/flutter_forge/test/modules/ui/flutter_scene_3d/flutter_scene_3d_test.dart"},"type":"testStart","time":2593}
{"testID":56,"result":"success","skipped":false,"hidden":false,"type":"testDone","time":2645}
{"test":{"id":57,"name":"keyboard remains active after selecting a mode control","suiteID":17,"groupIDs":[37],"metadata":{"skip":false,"skipReason":null},"line":174,"column":5,"url":"package:flutter_test/src/widget_tester.dart","root_line":126,"root_column":3,"root_url":"file:///Users/forest/code/langGraph/flutter_forge/apps/flutter_forge/test/modules/ui/flutter_scene_3d/flutter_scene_3d_test.dart"},"type":"testStart","time":2646}
{"testID":57,"result":"success","skipped":false,"hidden":false,"type":"testDone","time":2707}
{"test":{"id":58,"name":"held arrow keys consume repeat events inside the viewer","suiteID":17,"groupIDs":[37],"metadata":{"skip":false,"skipReason":null},"line":174,"column":5,"url":"package:flutter_test/src/widget_tester.dart","root_line":143,"root_column":3,"root_url":"file:///Users/forest/code/langGraph/flutter_forge/apps/flutter_forge/test/modules/ui/flutter_scene_3d/flutter_scene_3d_test.dart"},"type":"testStart","time":2708}
{"testID":52,"result":"success","skipped":false,"hidden":true,"type":"testDone","time":2720}
{"group":{"id":59,"suiteID":51,"parentID":null,"name":"","metadata":{"skip":false,"skipReason":null},"testCount":2,"line":null,"column":null,"url":null},"type":"group","time":2720}
{"test":{"id":60,"name":"catalog enables Android, macOS and Windows WebView backends","suiteID":51,"groupIDs":[59],"metadata":{"skip":false,"skipReason":null},"line":10,"column":3,"url":"file:///Users/forest/code/langGraph/flutter_forge/apps/flutter_forge/test/modules/platform/webview/webview_test.dart"},"type":"testStart","time":2720}
{"testID":60,"result":"success","skipped":false,"hidden":false,"type":"testDone","time":2732}
{"test":{"id":61,"name":"teaching page fits compact viewport and rejects invalid navigation","suiteID":51,"groupIDs":[59],"metadata":{"skip":false,"skipReason":null},"line":174,"column":5,"url":"package:flutter_test/src/widget_tester.dart","root_line":31,"root_column":3,"root_url":"file:///Users/forest/code/langGraph/flutter_forge/apps/flutter_forge/test/modules/platform/webview/webview_test.dart"},"type":"testStart","time":2732}
{"testID":58,"result":"success","skipped":false,"hidden":false,"type":"testDone","time":2774}
{"test":{"id":62,"name":"top-right orientation thumbnail previews and resets camera","suiteID":17,"groupIDs":[37],"metadata":{"skip":false,"skipReason":null},"line":174,"column":5,"url":"package:flutter_test/src/widget_tester.dart","root_line":175,"root_column":3,"root_url":"file:///Users/forest/code/langGraph/flutter_forge/apps/flutter_forge/test/modules/ui/flutter_scene_3d/flutter_scene_3d_test.dart"},"type":"testStart","time":2774}
{"testID":62,"result":"success","skipped":false,"hidden":false,"type":"testDone","time":2831}
{"test":{"id":63,"name":"tap selects a part and focus targets its center","suiteID":17,"groupIDs":[37],"metadata":{"skip":false,"skipReason":null},"line":174,"column":5,"url":"package:flutter_test/src/widget_tester.dart","root_line":200,"root_column":3,"root_url":"file:///Users/forest/code/langGraph/flutter_forge/apps/flutter_forge/test/modules/ui/flutter_scene_3d/flutter_scene_3d_test.dart"},"type":"testStart","time":2831}
{"testID":50,"result":"success","skipped":false,"hidden":true,"type":"testDone","time":2892}
{"group":{"id":64,"suiteID":49,"parentID":null,"name":"","metadata":{"skip":false,"skipReason":null},"testCount":4,"line":null,"column":null,"url":null},"type":"group","time":2893}
{"test":{"id":65,"name":"rejects executable and malformed URLs before native navigation","suiteID":49,"groupIDs":[64],"metadata":{"skip":false,"skipReason":null},"line":55,"column":3,"url":"file:///Users/forest/code/langGraph/flutter_forge/apps/flutter_forge/test/modules/platform/webview/webview_session_test.dart"},"type":"testStart","time":2893}
{"testID":65,"result":"success","skipped":false,"hidden":false,"type":"testDone","time":2903}
{"test":{"id":66,"name":"late initialization never navigates after disposal","suiteID":49,"groupIDs":[64],"metadata":{"skip":false,"skipReason":null},"line":75,"column":3,"url":"file:///Users/forest/code/langGraph/flutter_forge/apps/flutter_forge/test/modules/platform/webview/webview_session_test.dart"},"type":"testStart","time":2903}
{"testID":66,"result":"success","skipped":false,"hidden":false,"type":"testDone","time":2904}
{"test":{"id":67,"name":"reports initialization failure and allows retry","suiteID":49,"groupIDs":[64],"metadata":{"skip":false,"skipReason":null},"line":85,"column":3,"url":"file:///Users/forest/code/langGraph/flutter_forge/apps/flutter_forge/test/modules/platform/webview/webview_session_test.dart"},"type":"testStart","time":2905}
{"testID":67,"result":"success","skipped":false,"hidden":false,"type":"testDone","time":2906}
{"test":{"id":68,"name":"threshold, timeout, completion and navigation remain distinct","suiteID":49,"groupIDs":[64],"metadata":{"skip":false,"skipReason":null},"line":174,"column":5,"url":"package:flutter_test/src/widget_tester.dart","root_line":95,"root_column":3,"root_url":"file:///Users/forest/code/langGraph/flutter_forge/apps/flutter_forge/test/modules/platform/webview/webview_session_test.dart"},"type":"testStart","time":2907}
{"testID":63,"result":"success","skipped":false,"hidden":false,"type":"testDone","time":2912}
{"test":{"id":69,"name":"shows loading state","suiteID":17,"groupIDs":[37],"metadata":{"skip":false,"skipReason":null},"line":174,"column":5,"url":"package:flutter_test/src/widget_tester.dart","root_line":223,"root_column":3,"root_url":"file:///Users/forest/code/langGraph/flutter_forge/apps/flutter_forge/test/modules/ui/flutter_scene_3d/flutter_scene_3d_test.dart"},"type":"testStart","time":2912}
{"testID":69,"result":"success","skipped":false,"hidden":false,"type":"testDone","time":2955}
{"test":{"id":70,"name":"shows initialization error state","suiteID":17,"groupIDs":[37],"metadata":{"skip":false,"skipReason":null},"line":174,"column":5,"url":"package:flutter_test/src/widget_tester.dart","root_line":233,"root_column":3,"root_url":"file:///Users/forest/code/langGraph/flutter_forge/apps/flutter_forge/test/modules/ui/flutter_scene_3d/flutter_scene_3d_test.dart"},"type":"testStart","time":2955}
{"testID":41,"result":"success","skipped":false,"hidden":true,"type":"testDone","time":2974}
{"group":{"id":71,"suiteID":40,"parentID":null,"name":"","metadata":{"skip":false,"skipReason":null},"testCount":3,"line":null,"column":null,"url":null},"type":"group","time":2974}
{"test":{"id":72,"name":"module entry is constructible","suiteID":40,"groupIDs":[71],"metadata":{"skip":false,"skipReason":null},"line":9,"column":3,"url":"file:///Users/forest/code/langGraph/flutter_forge/apps/flutter_forge/test/modules/platform/usb_detector/usb_detector_test.dart"},"type":"testStart","time":2974}
{"testID":48,"result":"success","skipped":false,"hidden":true,"type":"testDone","time":2978}
{"group":{"id":73,"suiteID":47,"parentID":null,"name":"","metadata":{"skip":false,"skipReason":null},"testCount":2,"line":null,"column":null,"url":null},"type":"group","time":2978}
{"test":{"id":74,"name":"keeps Android listDevices channel contract","suiteID":47,"groupIDs":[73],"metadata":{"skip":false,"skipReason":null},"line":8,"column":3,"url":"file:///Users/forest/code/langGraph/flutter_forge/apps/flutter_forge/test/modules/platform/usb_detector/usb_detection_service_test.dart"},"type":"testStart","time":2978}
{"testID":72,"result":"success","skipped":false,"hidden":false,"type":"testDone","time":2983}
{"test":{"id":75,"name":"catalog keeps USB visible but blocks every platform route","suiteID":40,"groupIDs":[71],"metadata":{"skip":false,"skipReason":null},"line":13,"column":3,"url":"file:///Users/forest/code/langGraph/flutter_forge/apps/flutter_forge/test/modules/platform/usb_detector/usb_detector_test.dart"},"type":"testStart","time":2983}
{"testID":74,"result":"success","skipped":false,"hidden":false,"type":"testDone","time":2989}
{"test":{"id":76,"name":"keeps enumerated devices when optional fields are unavailable","suiteID":47,"groupIDs":[73],"metadata":{"skip":false,"skipReason":null},"line":32,"column":3,"url":"file:///Users/forest/code/langGraph/flutter_forge/apps/flutter_forge/test/modules/platform/usb_detector/usb_detection_service_test.dart"},"type":"testStart","time":2990}
{"testID":75,"result":"success","skipped":false,"hidden":false,"type":"testDone","time":2991}
{"test":{"id":77,"name":"USB detector fits a compact Android viewport","suiteID":40,"groupIDs":[71],"metadata":{"skip":false,"skipReason":null},"line":174,"column":5,"url":"package:flutter_test/src/widget_tester.dart","root_line":39,"root_column":3,"root_url":"file:///Users/forest/code/langGraph/flutter_forge/apps/flutter_forge/test/modules/platform/usb_detector/usb_detector_test.dart"},"type":"testStart","time":2991}
{"testID":76,"result":"success","skipped":false,"hidden":false,"type":"testDone","time":2991}
{"suite":{"id":78,"platform":"vm","path":"/Users/forest/code/langGraph/flutter_forge/apps/flutter_forge/test/modules/platform/dio_interceptor/error_interceptor_test.dart"},"type":"suite","time":2997}
{"test":{"id":79,"name":"loading /Users/forest/code/langGraph/flutter_forge/apps/flutter_forge/test/modules/platform/dio_interceptor/error_interceptor_test.dart","suiteID":78,"groupIDs":[],"metadata":{"skip":false,"skipReason":null},"line":null,"column":null,"url":null},"type":"testStart","time":2997}
{"testID":70,"result":"success","skipped":false,"hidden":false,"type":"testDone","time":3011}
{"test":{"id":80,"name":"catalog registers Android, macOS, and Windows module and route","suiteID":17,"groupIDs":[37],"metadata":{"skip":false,"skipReason":null},"line":246,"column":3,"url":"file:///Users/forest/code/langGraph/flutter_forge/apps/flutter_forge/test/modules/ui/flutter_scene_3d/flutter_scene_3d_test.dart"},"type":"testStart","time":3012}
{"testID":80,"result":"success","skipped":false,"hidden":false,"type":"testDone","time":3018}
{"suite":{"id":81,"platform":"vm","path":"/Users/forest/code/langGraph/flutter_forge/apps/flutter_forge/test/modules/platform/dio_interceptor/web_mock_http_adapter_test.dart"},"type":"suite","time":3027}
{"test":{"id":82,"name":"loading /Users/forest/code/langGraph/flutter_forge/apps/flutter_forge/test/modules/platform/dio_interceptor/web_mock_http_adapter_test.dart","suiteID":81,"groupIDs":[],"metadata":{"skip":false,"skipReason":null},"line":null,"column":null,"url":null},"type":"testStart","time":3027}
{"testID":68,"result":"success","skipped":false,"hidden":false,"type":"testDone","time":3027}
{"suite":{"id":83,"platform":"vm","path":"/Users/forest/code/langGraph/flutter_forge/apps/flutter_forge/test/modules/platform/dio_interceptor/dio_interceptor_test.dart"},"type":"suite","time":3033}
{"test":{"id":84,"name":"loading /Users/forest/code/langGraph/flutter_forge/apps/flutter_forge/test/modules/platform/dio_interceptor/dio_interceptor_test.dart","suiteID":83,"groupIDs":[],"metadata":{"skip":false,"skipReason":null},"line":null,"column":null,"url":null},"type":"testStart","time":3033}

[{"event":"test.startedProcess","params":{"vmServiceUri":null}}]

[{"event":"test.startedProcess","params":{"vmServiceUri":null}}]

[{"event":"test.startedProcess","params":{"vmServiceUri":null}}]
{"testID":82,"result":"success","skipped":false,"hidden":true,"type":"testDone","time":3309}
{"group":{"id":85,"suiteID":81,"parentID":null,"name":"","metadata":{"skip":false,"skipReason":null},"testCount":2,"line":null,"column":null,"url":null},"type":"group","time":3309}
{"test":{"id":86,"name":"Web adapter preserves login, auth and article workflow","suiteID":81,"groupIDs":[85],"metadata":{"skip":false,"skipReason":null},"line":13,"column":3,"url":"file:///Users/forest/code/langGraph/flutter_forge/apps/flutter_forge/test/modules/platform/dio_interceptor/web_mock_http_adapter_test.dart"},"type":"testStart","time":3309}
{"testID":61,"result":"success","skipped":false,"hidden":false,"type":"testDone","time":3354}
{"suite":{"id":87,"platform":"vm","path":"/Users/forest/code/langGraph/flutter_forge/apps/flutter_forge/test/modules/platform/bluetooth_ble/ble_controls_test.dart"},"type":"suite","time":3360}
{"test":{"id":88,"name":"loading /Users/forest/code/langGraph/flutter_forge/apps/flutter_forge/test/modules/platform/bluetooth_ble/ble_controls_test.dart","suiteID":87,"groupIDs":[],"metadata":{"skip":false,"skipReason":null},"line":null,"column":null,"url":null},"type":"testStart","time":3360}
{"testID":84,"result":"success","skipped":false,"hidden":true,"type":"testDone","time":3408}
{"group":{"id":89,"suiteID":83,"parentID":null,"name":"","metadata":{"skip":false,"skipReason":null},"testCount":1,"line":null,"column":null,"url":null},"type":"group","time":3409}
{"test":{"id":90,"name":"module entry is constructible","suiteID":83,"groupIDs":[89],"metadata":{"skip":false,"skipReason":null},"line":6,"column":3,"url":"file:///Users/forest/code/langGraph/flutter_forge/apps/flutter_forge/test/modules/platform/dio_interceptor/dio_interceptor_test.dart"},"type":"testStart","time":3409}
{"testID":90,"result":"success","skipped":false,"hidden":false,"type":"testDone","time":3416}
{"suite":{"id":91,"platform":"vm","path":"/Users/forest/code/langGraph/flutter_forge/apps/flutter_forge/test/modules/platform/bluetooth_ble/ble_session_test.dart"},"type":"suite","time":3543}
{"test":{"id":92,"name":"loading /Users/forest/code/langGraph/flutter_forge/apps/flutter_forge/test/modules/platform/bluetooth_ble/ble_session_test.dart","suiteID":91,"groupIDs":[],"metadata":{"skip":false,"skipReason":null},"line":null,"column":null,"url":null},"type":"testStart","time":3543}
{"testID":77,"result":"success","skipped":false,"hidden":false,"type":"testDone","time":3544}
{"testID":86,"result":"success","skipped":false,"hidden":false,"type":"testDone","time":3544}
{"test":{"id":93,"name":"Web adapter rejects article requests without a token","suiteID":81,"groupIDs":[85],"metadata":{"skip":false,"skipReason":null},"line":39,"column":3,"url":"file:///Users/forest/code/langGraph/flutter_forge/apps/flutter_forge/test/modules/platform/dio_interceptor/web_mock_http_adapter_test.dart"},"type":"testStart","time":3545}
{"suite":{"id":94,"platform":"vm","path":"/Users/forest/code/langGraph/flutter_forge/apps/flutter_forge/test/modules/platform/online_video_player/video_player_adapter_test.dart"},"type":"suite","time":3551}
{"test":{"id":95,"name":"loading /Users/forest/code/langGraph/flutter_forge/apps/flutter_forge/test/modules/platform/online_video_player/video_player_adapter_test.dart","suiteID":94,"groupIDs":[],"metadata":{"skip":false,"skipReason":null},"line":null,"column":null,"url":null},"type":"testStart","time":3551}

[{"event":"test.startedProcess","params":{"vmServiceUri":null}}]
{"testID":93,"result":"success","skipped":false,"hidden":false,"type":"testDone","time":3604}
{"suite":{"id":96,"platform":"vm","path":"/Users/forest/code/langGraph/flutter_forge/apps/flutter_forge/test/modules/platform/online_video_player/online_video_player_test.dart"},"type":"suite","time":3608}
{"test":{"id":97,"name":"loading /Users/forest/code/langGraph/flutter_forge/apps/flutter_forge/test/modules/platform/online_video_player/online_video_player_test.dart","suiteID":96,"groupIDs":[],"metadata":{"skip":false,"skipReason":null},"line":null,"column":null,"url":null},"type":"testStart","time":3608}

[{"event":"test.startedProcess","params":{"vmServiceUri":null}}]

[{"event":"test.startedProcess","params":{"vmServiceUri":null}}]

[{"event":"test.startedProcess","params":{"vmServiceUri":null}}]
{"testID":95,"result":"success","skipped":false,"hidden":true,"type":"testDone","time":3945}
{"group":{"id":98,"suiteID":94,"parentID":null,"name":"","metadata":{"skip":false,"skipReason":null},"testCount":11,"line":null,"column":null,"url":null},"type":"group","time":3945}
{"test":{"id":99,"name":"probe failure reaches error without creating any controller","suiteID":94,"groupIDs":[98],"metadata":{"skip":false,"skipReason":null},"line":23,"column":3,"url":"file:///Users/forest/code/langGraph/flutter_forge/apps/flutter_forge/test/modules/platform/online_video_player/video_player_adapter_test.dart"},"type":"testStart","time":3945}
{"testID":99,"messageType":"print","message":"[video-diag] probe-start 0ms started","type":"print","time":3956}
{"testID":99,"messageType":"print","message":"[video-diag] probe-complete 0ms reachable=false","type":"print","time":3956}
{"testID":99,"result":"success","skipped":false,"hidden":false,"type":"testDone","time":3959}
{"test":{"id":100,"name":"platform policy can let the player initialize without a probe","suiteID":94,"groupIDs":[98],"metadata":{"skip":false,"skipReason":null},"line":38,"column":3,"url":"file:///Users/forest/code/langGraph/flutter_forge/apps/flutter_forge/test/modules/platform/online_video_player/video_player_adapter_test.dart"},"type":"testStart","time":3959}
{"testID":100,"messageType":"print","message":"[video-diag] initialize-start 0ms started","type":"print","time":3961}
{"testID":79,"result":"success","skipped":false,"hidden":true,"type":"testDone","time":3967}
{"group":{"id":101,"suiteID":78,"parentID":null,"name":"","metadata":{"skip":false,"skipReason":null},"testCount":2,"line":null,"column":null,"url":null},"type":"group","time":3967}
{"group":{"id":102,"suiteID":78,"parentID":101,"name":"ErrorInterceptor","metadata":{"skip":false,"skipReason":null},"testCount":2,"line":6,"column":3,"url":"file:///Users/forest/code/langGraph/flutter_forge/apps/flutter_forge/test/modules/platform/dio_interceptor/error_interceptor_test.dart"},"type":"group","time":3967}
{"test":{"id":103,"name":"ErrorInterceptor transformTimeout is handled and forwarded without error","suiteID":78,"groupIDs":[101,102],"metadata":{"skip":false,"skipReason":null},"line":9,"column":5,"url":"file:///Users/forest/code/langGraph/flutter_forge/apps/flutter_forge/test/modules/platform/dio_interceptor/error_interceptor_test.dart"},"type":"testStart","time":3967}
{"testID":103,"messageType":"print","message":"ErrorInterceptor - 捕获到错误: 数据转换超时","type":"print","time":3975}
{"testID":103,"messageType":"print","message":"URL: /x","type":"print","time":3975}
{"testID":103,"messageType":"print","message":"Method: GET","type":"print","time":3975}
{"testID":103,"result":"success","skipped":false,"hidden":false,"type":"testDone","time":3977}
{"test":{"id":104,"name":"ErrorInterceptor every DioExceptionType value is forwarded without error","suiteID":78,"groupIDs":[101,102],"metadata":{"skip":false,"skipReason":null},"line":21,"column":5,"url":"file:///Users/forest/code/langGraph/flutter_forge/apps/flutter_forge/test/modules/platform/dio_interceptor/error_interceptor_test.dart"},"type":"testStart","time":3977}
{"testID":104,"messageType":"print","message":"ErrorInterceptor - 捕获到错误: 连接超时","type":"print","time":3978}
{"testID":104,"messageType":"print","message":"URL: /x","type":"print","time":3978}
{"testID":104,"messageType":"print","message":"Method: GET","type":"print","time":3978}
{"testID":104,"messageType":"print","message":"ErrorInterceptor - 捕获到错误: 请求超时","type":"print","time":3978}
{"testID":104,"messageType":"print","message":"URL: /x","type":"print","time":3978}
{"testID":104,"messageType":"print","message":"Method: GET","type":"print","time":3978}
{"testID":104,"messageType":"print","message":"ErrorInterceptor - 捕获到错误: 响应超时","type":"print","time":3979}
{"testID":104,"messageType":"print","message":"URL: /x","type":"print","time":3979}
{"testID":104,"messageType":"print","message":"Method: GET","type":"print","time":3979}
{"testID":104,"messageType":"print","message":"ErrorInterceptor - 捕获到错误: 证书验证失败","type":"print","time":3979}
{"testID":104,"messageType":"print","message":"URL: /x","type":"print","time":3979}
{"testID":104,"messageType":"print","message":"Method: GET","type":"print","time":3979}
{"testID":104,"messageType":"print","message":"ErrorInterceptor - 捕获到错误: 响应错误: 未知状态码","type":"print","time":3979}
{"testID":104,"messageType":"print","message":"URL: /x","type":"print","time":3979}
{"testID":104,"messageType":"print","message":"Method: GET","type":"print","time":3979}
{"testID":104,"messageType":"print","message":"ErrorInterceptor - 捕获到错误: 请求取消","type":"print","time":3979}
{"testID":104,"messageType":"print","message":"URL: /x","type":"print","time":3979}
{"testID":104,"messageType":"print","message":"Method: GET","type":"print","time":3979}
{"testID":104,"messageType":"print","message":"ErrorInterceptor - 捕获到错误: 连接错误，请检查网络","type":"print","time":3979}
{"testID":104,"messageType":"print","message":"URL: /x","type":"print","time":3979}
{"testID":104,"messageType":"print","message":"Method: GET","type":"print","time":3979}
{"testID":104,"messageType":"print","message":"ErrorInterceptor - 捕获到错误: 未知错误: null","type":"print","time":3979}
{"testID":104,"messageType":"print","message":"URL: /x","type":"print","time":3979}
{"testID":104,"messageType":"print","message":"Method: GET","type":"print","time":3979}
{"testID":104,"messageType":"print","message":"ErrorInterceptor - 捕获到错误: 数据转换超时","type":"print","time":3979}
{"testID":104,"messageType":"print","message":"URL: /x","type":"print","time":3979}
{"testID":104,"messageType":"print","message":"Method: GET","type":"print","time":3979}
{"testID":104,"result":"success","skipped":false,"hidden":false,"type":"testDone","time":3980}
{"suite":{"id":105,"platform":"vm","path":"/Users/forest/code/langGraph/flutter_forge/apps/flutter_forge/test/modules/platform/file_picker/file_picker_test.dart"},"type":"suite","time":3984}
{"test":{"id":106,"name":"loading /Users/forest/code/langGraph/flutter_forge/apps/flutter_forge/test/modules/platform/file_picker/file_picker_test.dart","suiteID":105,"groupIDs":[],"metadata":{"skip":false,"skipReason":null},"line":null,"column":null,"url":null},"type":"testStart","time":3985}
{"testID":100,"messageType":"print","message":"[video-diag] initialize-complete 25ms success","type":"print","time":3987}
{"testID":97,"result":"success","skipped":false,"hidden":true,"type":"testDone","time":3988}
{"group":{"id":107,"suiteID":96,"parentID":null,"name":"","metadata":{"skip":false,"skipReason":null},"testCount":5,"line":null,"column":null,"url":null},"type":"group","time":3988}
{"test":{"id":108,"name":"catalog admits online video on Android, macOS, and Windows","suiteID":96,"groupIDs":[107],"metadata":{"skip":false,"skipReason":null},"line":12,"column":3,"url":"file:///Users/forest/code/langGraph/flutter_forge/apps/flutter_forge/test/modules/platform/online_video_player/online_video_player_test.dart"},"type":"testStart","time":3988}
{"testID":100,"messageType":"print","message":"video_player dispose failed: UnimplementedError: init() has not been implemented.","type":"print","time":3989}
{"testID":100,"result":"success","skipped":false,"hidden":false,"type":"testDone","time":3990}
{"test":{"id":109,"name":"default probe uses a ranged GET compatible with media servers","suiteID":94,"groupIDs":[98],"metadata":{"skip":false,"skipReason":null},"line":59,"column":3,"url":"file:///Users/forest/code/langGraph/flutter_forge/apps/flutter_forge/test/modules/platform/online_video_player/video_player_adapter_test.dart"},"type":"testStart","time":3990}
{"testID":109,"messageType":"print","message":"[video-diag] probe-start 0ms started","type":"print","time":3991}
{"testID":108,"result":"success","skipped":false,"hidden":false,"type":"testDone","time":4003}
{"test":{"id":110,"name":"controls render playback, seek, rate and volume controls","suiteID":96,"groupIDs":[107],"metadata":{"skip":false,"skipReason":null},"line":174,"column":5,"url":"package:flutter_test/src/widget_tester.dart","root_line":37,"root_column":3,"root_url":"file:///Users/forest/code/langGraph/flutter_forge/apps/flutter_forge/test/modules/platform/online_video_player/online_video_player_test.dart"},"type":"testStart","time":4003}
{"testID":109,"messageType":"print","message":"[video-diag] probe-complete 15ms reachable=true","type":"print","time":4006}
{"testID":109,"messageType":"print","message":"[video-diag] initialize-start 0ms started","type":"print","time":4007}
{"testID":109,"messageType":"print","message":"[video-diag] initialize-complete 21ms success","type":"print","time":4028}
{"testID":109,"messageType":"print","message":"video_player dispose failed: UnimplementedError: init() has not been implemented.","type":"print","time":4029}
{"testID":109,"result":"success","skipped":false,"hidden":false,"type":"testDone","time":4030}
{"test":{"id":111,"name":"default probe rejects an unreadable response stream","suiteID":94,"groupIDs":[98],"metadata":{"skip":false,"skipReason":null},"line":78,"column":3,"url":"file:///Users/forest/code/langGraph/flutter_forge/apps/flutter_forge/test/modules/platform/online_video_player/video_player_adapter_test.dart"},"type":"testStart","time":4030}
{"testID":111,"messageType":"print","message":"[video-diag] probe-start 0ms started","type":"print","time":4031}
{"testID":111,"messageType":"print","message":"[video-diag] probe-complete 2ms reachable=false","type":"print","time":4034}
{"testID":111,"result":"success","skipped":false,"hidden":false,"type":"testDone","time":4034}
{"test":{"id":112,"name":"no-frame monitor disposes the controller and enters error state","suiteID":94,"groupIDs":[98],"metadata":{"skip":false,"skipReason":null},"line":90,"column":3,"url":"file:///Users/forest/code/langGraph/flutter_forge/apps/flutter_forge/test/modules/platform/online_video_player/video_player_adapter_test.dart"},"type":"testStart","time":4034}
{"testID":112,"messageType":"print","message":"[video-diag] probe-start 0ms started","type":"print","time":4035}
{"testID":112,"messageType":"print","message":"[video-diag] probe-complete 0ms reachable=true","type":"print","time":4035}
{"testID":112,"messageType":"print","message":"[video-diag] initialize-start 0ms started","type":"print","time":4036}

[{"event":"test.startedProcess","params":{"vmServiceUri":null}}]
{"testID":112,"messageType":"print","message":"[video-diag] initialize-complete 21ms success","type":"print","time":4057}
{"testID":92,"result":"success","skipped":false,"hidden":true,"type":"testDone","time":4079}
{"group":{"id":113,"suiteID":91,"parentID":null,"name":"","metadata":{"skip":false,"skipReason":null},"testCount":15,"line":null,"column":null,"url":null},"type":"group","time":4079}
{"test":{"id":114,"name":"TargetPlatform.macOS shows a two-pane workspace and settings entry","suiteID":91,"groupIDs":[113],"metadata":{"skip":false,"skipReason":null},"line":174,"column":5,"url":"package:flutter_test/src/widget_tester.dart","root_line":14,"root_column":5,"root_url":"file:///Users/forest/code/langGraph/flutter_forge/apps/flutter_forge/test/modules/platform/bluetooth_ble/ble_session_test.dart"},"type":"testStart","time":4079}
{"testID":112,"result":"success","skipped":false,"hidden":false,"type":"testDone","time":4106}
{"test":{"id":115,"name":"global loading watchdog releases a stalled initialization","suiteID":94,"groupIDs":[98],"metadata":{"skip":false,"skipReason":null},"line":111,"column":3,"url":"file:///Users/forest/code/langGraph/flutter_forge/apps/flutter_forge/test/modules/platform/online_video_player/video_player_adapter_test.dart"},"type":"testStart","time":4106}
{"testID":115,"messageType":"print","message":"[video-diag] probe-start 0ms started","type":"print","time":4107}
{"testID":115,"messageType":"print","message":"[video-diag] probe-complete 0ms reachable=true","type":"print","time":4107}
{"testID":115,"messageType":"print","message":"[video-diag] initialize-start 0ms started","type":"print","time":4107}
{"testID":115,"messageType":"print","message":"[video-diag] loading-watchdog 40ms timeout","type":"print","time":4149}
{"testID":110,"result":"success","skipped":false,"hidden":false,"type":"testDone","time":4315}
{"test":{"id":116,"name":"play pause button follows adapter state","suiteID":96,"groupIDs":[107],"metadata":{"skip":false,"skipReason":null},"line":174,"column":5,"url":"package:flutter_test/src/widget_tester.dart","root_line":56,"root_column":3,"root_url":"file:///Users/forest/code/langGraph/flutter_forge/apps/flutter_forge/test/modules/platform/online_video_player/online_video_player_test.dart"},"type":"testStart","time":4315}
{"testID":88,"result":"success","skipped":false,"hidden":true,"type":"testDone","time":4323}
{"group":{"id":117,"suiteID":87,"parentID":null,"name":"","metadata":{"skip":false,"skipReason":null},"testCount":22,"line":null,"column":null,"url":null},"type":"group","time":4323}
{"test":{"id":118,"name":"cancelling permission preparation leaves existing system connections alone","suiteID":87,"groupIDs":[117],"metadata":{"skip":false,"skipReason":null},"line":86,"column":3,"url":"file:///Users/forest/code/langGraph/flutter_forge/apps/flutter_forge/test/modules/platform/bluetooth_ble/ble_controls_test.dart"},"type":"testStart","time":4323}
{"testID":118,"result":"success","skipped":false,"hidden":false,"type":"testDone","time":4337}
{"test":{"id":119,"name":"connection preflight rejects a powered-off adapter","suiteID":87,"groupIDs":[117],"metadata":{"skip":false,"skipReason":null},"line":105,"column":3,"url":"file:///Users/forest/code/langGraph/flutter_forge/apps/flutter_forge/test/modules/platform/bluetooth_ble/ble_controls_test.dart"},"type":"testStart","time":4338}
{"testID":119,"result":"success","skipped":false,"hidden":false,"type":"testDone","time":4339}
{"test":{"id":120,"name":"permission refusal before connection does not disconnect an unowned device","suiteID":87,"groupIDs":[117],"metadata":{"skip":false,"skipReason":null},"line":117,"column":3,"url":"file:///Users/forest/code/langGraph/flutter_forge/apps/flutter_forge/test/modules/platform/bluetooth_ble/ble_controls_test.dart"},"type":"testStart","time":4339}
{"testID":120,"result":"success","skipped":false,"hidden":false,"type":"testDone","time":4341}
{"test":{"id":121,"name":"a timed-out native scan start cannot later leave the scanner running","suiteID":87,"groupIDs":[117],"metadata":{"skip":false,"skipReason":null},"line":131,"column":3,"url":"file:///Users/forest/code/langGraph/flutter_forge/apps/flutter_forge/test/modules/platform/bluetooth_ble/ble_controls_test.dart"},"type":"testStart","time":4341}
{"testID":121,"result":"success","skipped":false,"hidden":false,"type":"testDone","time":4366}
{"test":{"id":122,"name":"scan duration controls the deadline and rejects unbounded requests","suiteID":87,"groupIDs":[117],"metadata":{"skip":false,"skipReason":null},"line":149,"column":3,"url":"file:///Users/forest/code/langGraph/flutter_forge/apps/flutter_forge/test/modules/platform/bluetooth_ble/ble_controls_test.dart"},"type":"testStart","time":4366}
{"testID":122,"result":"success","skipped":false,"hidden":false,"type":"testDone","time":4368}
{"test":{"id":123,"name":"connection timeout is bounded and a late success is released","suiteID":87,"groupIDs":[117],"metadata":{"skip":false,"skipReason":null},"line":168,"column":3,"url":"file:///Users/forest/code/langGraph/flutter_forge/apps/flutter_forge/test/modules/platform/bluetooth_ble/ble_controls_test.dart"},"type":"testStart","time":4369}
{"testID":116,"result":"success","skipped":false,"hidden":false,"type":"testDone","time":4389}
{"test":{"id":124,"name":"module shows error placeholder without network access","suiteID":96,"groupIDs":[107],"metadata":{"skip":false,"skipReason":null},"line":174,"column":5,"url":"package:flutter_test/src/widget_tester.dart","root_line":75,"root_column":3,"root_url":"file:///Users/forest/code/langGraph/flutter_forge/apps/flutter_forge/test/modules/platform/online_video_player/online_video_player_test.dart"},"type":"testStart","time":4389}
{"testID":123,"result":"success","skipped":false,"hidden":false,"type":"testDone","time":4393}
{"test":{"id":125,"name":"duplicate characteristic reads share a guarded operation","suiteID":87,"groupIDs":[117],"metadata":{"skip":false,"skipReason":null},"line":188,"column":3,"url":"file:///Users/forest/code/langGraph/flutter_forge/apps/flutter_forge/test/modules/platform/bluetooth_ble/ble_controls_test.dart"},"type":"testStart","time":4393}
{"testID":125,"result":"success","skipped":false,"hidden":false,"type":"testDone","time":4395}
{"test":{"id":126,"name":"scan preserves previous results and ages advertisement state","suiteID":87,"groupIDs":[117],"metadata":{"skip":false,"skipReason":null},"line":203,"column":3,"url":"file:///Users/forest/code/langGraph/flutter_forge/apps/flutter_forge/test/modules/platform/bluetooth_ble/ble_controls_test.dart"},"type":"testStart","time":4395}
{"testID":126,"result":"success","skipped":false,"hidden":false,"type":"testDone","time":4398}
{"test":{"id":127,"name":"stopping keeps scan active until backend confirmation","suiteID":87,"groupIDs":[117],"metadata":{"skip":false,"skipReason":null},"line":245,"column":3,"url":"file:///Users/forest/code/langGraph/flutter_forge/apps/flutter_forge/test/modules/platform/bluetooth_ble/ble_controls_test.dart"},"type":"testStart","time":4398}
{"testID":127,"result":"success","skipped":false,"hidden":false,"type":"testDone","time":4399}
{"test":{"id":128,"name":"unconfirmed scan stop blocks connection and supports another stop","suiteID":87,"groupIDs":[117],"metadata":{"skip":false,"skipReason":null},"line":261,"column":3,"url":"file:///Users/forest/code/langGraph/flutter_forge/apps/flutter_forge/test/modules/platform/bluetooth_ble/ble_controls_test.dart"},"type":"testStart","time":4399}
{"testID":128,"result":"success","skipped":false,"hidden":false,"type":"testDone","time":4401}
{"test":{"id":129,"name":"connection phases separate the native link from GATT readiness","suiteID":87,"groupIDs":[117],"metadata":{"skip":false,"skipReason":null},"line":280,"column":3,"url":"file:///Users/forest/code/langGraph/flutter_forge/apps/flutter_forge/test/modules/platform/bluetooth_ble/ble_controls_test.dart"},"type":"testStart","time":4401}
{"testID":129,"result":"success","skipped":false,"hidden":false,"type":"testDone","time":4402}
{"test":{"id":130,"name":"cancel releases a connecting device and cleans a late successful connection","suiteID":87,"groupIDs":[117],"metadata":{"skip":false,"skipReason":null},"line":301,"column":3,"url":"file:///Users/forest/code/langGraph/flutter_forge/apps/flutter_forge/test/modules/platform/bluetooth_ble/ble_controls_test.dart"},"type":"testStart","time":4402}
{"testID":130,"result":"success","skipped":false,"hidden":false,"type":"testDone","time":4404}
{"test":{"id":131,"name":"a late service discovery cannot refill a cancelled connection","suiteID":87,"groupIDs":[117],"metadata":{"skip":false,"skipReason":null},"line":323,"column":3,"url":"file:///Users/forest/code/langGraph/flutter_forge/apps/flutter_forge/test/modules/platform/bluetooth_ble/ble_controls_test.dart"},"type":"testStart","time":4404}
{"testID":131,"result":"success","skipped":false,"hidden":false,"type":"testDone","time":4405}
{"test":{"id":132,"name":"unexpected disconnect invalidates in-flight service discovery","suiteID":87,"groupIDs":[117],"metadata":{"skip":false,"skipReason":null},"line":342,"column":3,"url":"file:///Users/forest/code/langGraph/flutter_forge/apps/flutter_forge/test/modules/platform/bluetooth_ble/ble_controls_test.dart"},"type":"testStart","time":4405}
{"testID":132,"result":"success","skipped":false,"hidden":false,"type":"testDone","time":4406}
{"test":{"id":133,"name":"disconnect keeps the link visible until the native state is confirmed","suiteID":87,"groupIDs":[117],"metadata":{"skip":false,"skipReason":null},"line":363,"column":3,"url":"file:///Users/forest/code/langGraph/flutter_forge/apps/flutter_forge/test/modules/platform/bluetooth_ble/ble_controls_test.dart"},"type":"testStart","time":4406}
{"testID":133,"result":"success","skipped":false,"hidden":false,"type":"testDone","time":4407}
{"test":{"id":134,"name":"a silent disconnect failure remains unconfirmed and can be retried","suiteID":87,"groupIDs":[117],"metadata":{"skip":false,"skipReason":null},"line":382,"column":3,"url":"file:///Users/forest/code/langGraph/flutter_forge/apps/flutter_forge/test/modules/platform/bluetooth_ble/ble_controls_test.dart"},"type":"testStart","time":4407}
{"testID":134,"result":"success","skipped":false,"hidden":false,"type":"testDone","time":4408}
{"test":{"id":135,"name":"failed connection can retry the same selected target","suiteID":87,"groupIDs":[117],"metadata":{"skip":false,"skipReason":null},"line":402,"column":3,"url":"file:///Users/forest/code/langGraph/flutter_forge/apps/flutter_forge/test/modules/platform/bluetooth_ble/ble_controls_test.dart"},"type":"testStart","time":4408}
{"testID":135,"result":"success","skipped":false,"hidden":false,"type":"testDone","time":4409}
{"test":{"id":136,"name":"a late read cannot refill values after disconnect","suiteID":87,"groupIDs":[117],"metadata":{"skip":false,"skipReason":null},"line":415,"column":3,"url":"file:///Users/forest/code/langGraph/flutter_forge/apps/flutter_forge/test/modules/platform/bluetooth_ble/ble_controls_test.dart"},"type":"testStart","time":4409}
{"testID":136,"result":"success","skipped":false,"hidden":false,"type":"testDone","time":4410}
{"test":{"id":137,"name":"page disposal cannot receive a late discovery update","suiteID":87,"groupIDs":[117],"metadata":{"skip":false,"skipReason":null},"line":430,"column":3,"url":"file:///Users/forest/code/langGraph/flutter_forge/apps/flutter_forge/test/modules/platform/bluetooth_ble/ble_controls_test.dart"},"type":"testStart","time":4410}
{"testID":137,"result":"success","skipped":false,"hidden":false,"type":"testDone","time":4412}
{"test":{"id":138,"name":"leaving the foreground requests a confirmed scan stop","suiteID":87,"groupIDs":[117],"metadata":{"skip":false,"skipReason":null},"line":443,"column":3,"url":"file:///Users/forest/code/langGraph/flutter_forge/apps/flutter_forge/test/modules/platform/bluetooth_ble/ble_controls_test.dart"},"type":"testStart","time":4412}
{"testID":138,"result":"success","skipped":false,"hidden":false,"type":"testDone","time":4413}
{"test":{"id":139,"name":"connection progress exposes cancellation and retry controls","suiteID":87,"groupIDs":[117],"metadata":{"skip":false,"skipReason":null},"line":174,"column":5,"url":"package:flutter_test/src/widget_tester.dart","root_line":457,"root_column":3,"root_url":"file:///Users/forest/code/langGraph/flutter_forge/apps/flutter_forge/test/modules/platform/bluetooth_ble/ble_controls_test.dart"},"type":"testStart","time":4413}
{"testID":106,"result":"success","skipped":false,"hidden":true,"type":"testDone","time":4423}
{"group":{"id":140,"suiteID":105,"parentID":null,"name":"","metadata":{"skip":false,"skipReason":null},"testCount":6,"line":null,"column":null,"url":null},"type":"group","time":4423}
{"test":{"id":141,"name":"catalog admits file picker on Android, macOS, and Windows","suiteID":105,"groupIDs":[140],"metadata":{"skip":false,"skipReason":null},"line":12,"column":3,"url":"file:///Users/forest/code/langGraph/flutter_forge/apps/flutter_forge/test/modules/platform/file_picker/file_picker_test.dart"},"type":"testStart","time":4423}
{"testID":141,"result":"success","skipped":false,"hidden":false,"type":"testDone","time":4436}
{"test":{"id":142,"name":"picked file shows its name and path","suiteID":105,"groupIDs":[140],"metadata":{"skip":false,"skipReason":null},"line":174,"column":5,"url":"package:flutter_test/src/widget_tester.dart","root_line":38,"root_column":3,"root_url":"file:///Users/forest/code/langGraph/flutter_forge/apps/flutter_forge/test/modules/platform/file_picker/file_picker_test.dart"},"type":"testStart","time":4436}
{"testID":124,"result":"success","skipped":false,"hidden":false,"type":"testDone","time":4526}
{"test":{"id":143,"name":"video controls fit a compact Android viewport","suiteID":96,"groupIDs":[107],"metadata":{"skip":false,"skipReason":null},"line":174,"column":5,"url":"package:flutter_test/src/widget_tester.dart","root_line":92,"root_column":3,"root_url":"file:///Users/forest/code/langGraph/flutter_forge/apps/flutter_forge/test/modules/platform/online_video_player/online_video_player_test.dart"},"type":"testStart","time":4526}
{"testID":143,"result":"success","skipped":false,"hidden":false,"type":"testDone","time":4574}
{"suite":{"id":144,"platform":"vm","path":"/Users/forest/code/langGraph/flutter_forge/apps/flutter_forge/test/modules/async/isolate_task_manager/isolate_task_manager_test.dart"},"type":"suite","time":4581}
{"test":{"id":145,"name":"loading /Users/forest/code/langGraph/flutter_forge/apps/flutter_forge/test/modules/async/isolate_task_manager/isolate_task_manager_test.dart","suiteID":144,"groupIDs":[],"metadata":{"skip":false,"skipReason":null},"line":null,"column":null,"url":null},"type":"testStart","time":4581}

[{"event":"test.startedProcess","params":{"vmServiceUri":null}}]
{"testID":114,"result":"success","skipped":false,"hidden":false,"type":"testDone","time":4724}
{"test":{"id":146,"name":"TargetPlatform.windows shows a two-pane workspace and settings entry","suiteID":91,"groupIDs":[113],"metadata":{"skip":false,"skipReason":null},"line":174,"column":5,"url":"package:flutter_test/src/widget_tester.dart","root_line":14,"root_column":5,"root_url":"file:///Users/forest/code/langGraph/flutter_forge/apps/flutter_forge/test/modules/platform/bluetooth_ble/ble_session_test.dart"},"type":"testStart","time":4724}
{"testID":146,"result":"success","skipped":false,"hidden":false,"type":"testDone","time":4858}
{"test":{"id":147,"name":"compact Android supports large text and long device names","suiteID":91,"groupIDs":[113],"metadata":{"skip":false,"skipReason":null},"line":174,"column":5,"url":"package:flutter_test/src/widget_tester.dart","root_line":61,"root_column":3,"root_url":"file:///Users/forest/code/langGraph/flutter_forge/apps/flutter_forge/test/modules/platform/bluetooth_ble/ble_session_test.dart"},"type":"testStart","time":4859}
{"testID":142,"result":"success","skipped":false,"hidden":false,"type":"testDone","time":4909}
{"test":{"id":148,"name":"cancelled selection renders the cancel branch","suiteID":105,"groupIDs":[140],"metadata":{"skip":false,"skipReason":null},"line":174,"column":5,"url":"package:flutter_test/src/widget_tester.dart","root_line":57,"root_column":3,"root_url":"file:///Users/forest/code/langGraph/flutter_forge/apps/flutter_forge/test/modules/platform/file_picker/file_picker_test.dart"},"type":"testStart","time":4909}
{"testID":148,"result":"success","skipped":false,"hidden":false,"type":"testDone","time":4969}
{"test":{"id":149,"name":"missing plugin renders platform unsupported state","suiteID":105,"groupIDs":[140],"metadata":{"skip":false,"skipReason":null},"line":174,"column":5,"url":"package:flutter_test/src/widget_tester.dart","root_line":67,"root_column":3,"root_url":"file:///Users/forest/code/langGraph/flutter_forge/apps/flutter_forge/test/modules/platform/file_picker/file_picker_test.dart"},"type":"testStart","time":4969}
{"testID":145,"result":"success","skipped":false,"hidden":true,"type":"testDone","time":4990}
{"group":{"id":150,"suiteID":144,"parentID":null,"name":"","metadata":{"skip":false,"skipReason":null},"testCount":1,"line":null,"column":null,"url":null},"type":"group","time":4990}
{"test":{"id":151,"name":"module entry is constructible","suiteID":144,"groupIDs":[150],"metadata":{"skip":false,"skipReason":null},"line":6,"column":3,"url":"file:///Users/forest/code/langGraph/flutter_forge/apps/flutter_forge/test/modules/async/isolate_task_manager/isolate_task_manager_test.dart"},"type":"testStart","time":4990}
{"testID":151,"result":"success","skipped":false,"hidden":false,"type":"testDone","time":4997}
{"suite":{"id":152,"platform":"vm","path":"/Users/forest/code/langGraph/flutter_forge/apps/flutter_forge/test/modules/async/stream_subscription/stream_subscription_test.dart"},"type":"suite","time":5003}
{"test":{"id":153,"name":"loading /Users/forest/code/langGraph/flutter_forge/apps/flutter_forge/test/modules/async/stream_subscription/stream_subscription_test.dart","suiteID":152,"groupIDs":[],"metadata":{"skip":false,"skipReason":null},"line":null,"column":null,"url":null},"type":"testStart","time":5003}
{"testID":149,"result":"success","skipped":false,"hidden":false,"type":"testDone","time":5014}
{"test":{"id":154,"name":"filter mode controls allowed extensions","suiteID":105,"groupIDs":[140],"metadata":{"skip":false,"skipReason":null},"line":174,"column":5,"url":"package:flutter_test/src/widget_tester.dart","root_line":79,"root_column":3,"root_url":"file:///Users/forest/code/langGraph/flutter_forge/apps/flutter_forge/test/modules/platform/file_picker/file_picker_test.dart"},"type":"testStart","time":5014}
{"testID":147,"result":"success","skipped":false,"hidden":false,"type":"testDone","time":5041}
{"test":{"id":155,"name":"Windows uses the common BLE page without Android system controls","suiteID":91,"groupIDs":[113],"metadata":{"skip":false,"skipReason":null},"line":174,"column":5,"url":"package:flutter_test/src/widget_tester.dart","root_line":104,"root_column":3,"root_url":"file:///Users/forest/code/langGraph/flutter_forge/apps/flutter_forge/test/modules/platform/bluetooth_ble/ble_session_test.dart"},"type":"testStart","time":5041}

[{"event":"test.startedProcess","params":{"vmServiceUri":null}}]
{"testID":154,"result":"success","skipped":false,"hidden":false,"type":"testDone","time":5084}
{"test":{"id":156,"name":"file picker fits a compact Android viewport","suiteID":105,"groupIDs":[140],"metadata":{"skip":false,"skipReason":null},"line":174,"column":5,"url":"package:flutter_test/src/widget_tester.dart","root_line":99,"root_column":3,"root_url":"file:///Users/forest/code/langGraph/flutter_forge/apps/flutter_forge/test/modules/platform/file_picker/file_picker_test.dart"},"type":"testStart","time":5084}
{"testID":115,"messageType":"print","message":"[video-diag] initialize-complete 1002ms timeout=TimeoutException after 0:00:01.000000: Future not completed","type":"print","time":5110}
{"testID":115,"result":"success","skipped":false,"hidden":false,"type":"testDone","time":5111}
{"test":{"id":157,"name":"Windows uses the shorter default initialize timeout","suiteID":94,"groupIDs":[98],"metadata":{"skip":false,"skipReason":null},"line":131,"column":3,"url":"file:///Users/forest/code/langGraph/flutter_forge/apps/flutter_forge/test/modules/platform/online_video_player/video_player_adapter_test.dart"},"type":"testStart","time":5111}
{"testID":157,"result":"success","skipped":false,"hidden":false,"type":"testDone","time":5113}
{"test":{"id":158,"name":"initialize failure releases the previous controller and errors","suiteID":94,"groupIDs":[98],"metadata":{"skip":false,"skipReason":null},"line":145,"column":3,"url":"file:///Users/forest/code/langGraph/flutter_forge/apps/flutter_forge/test/modules/platform/online_video_player/video_player_adapter_test.dart"},"type":"testStart","time":5113}
{"testID":158,"messageType":"print","message":"[video-diag] probe-start 0ms started","type":"print","time":5113}
{"testID":158,"messageType":"print","message":"[video-diag] probe-complete 0ms reachable=true","type":"print","time":5113}
{"testID":158,"messageType":"print","message":"[video-diag] initialize-start 0ms started","type":"print","time":5114}
{"testID":139,"result":"success","skipped":false,"hidden":false,"type":"testDone","time":5114}
{"testID":156,"result":"success","skipped":false,"hidden":false,"type":"testDone","time":5114}
{"test":{"id":159,"name":"RSSI updates preserve row order and show last-seen state","suiteID":87,"groupIDs":[117],"metadata":{"skip":false,"skipReason":null},"line":174,"column":5,"url":"package:flutter_test/src/widget_tester.dart","root_line":494,"root_column":3,"root_url":"file:///Users/forest/code/langGraph/flutter_forge/apps/flutter_forge/test/modules/platform/bluetooth_ble/ble_controls_test.dart"},"type":"testStart","time":5114}
{"suite":{"id":160,"platform":"vm","path":"/Users/forest/code/langGraph/flutter_forge/apps/flutter_forge/test/modules/async/isolate_basic/isolate_basic_test.dart"},"type":"suite","time":5121}
{"test":{"id":161,"name":"loading /Users/forest/code/langGraph/flutter_forge/apps/flutter_forge/test/modules/async/isolate_basic/isolate_basic_test.dart","suiteID":160,"groupIDs":[],"metadata":{"skip":false,"skipReason":null},"line":null,"column":null,"url":null},"type":"testStart","time":5121}
{"testID":155,"result":"success","skipped":false,"hidden":false,"type":"testDone","time":5121}
{"test":{"id":162,"name":"system audio and GATT connections appear at top without scan","suiteID":91,"groupIDs":[113],"metadata":{"skip":false,"skipReason":null},"line":174,"column":5,"url":"package:flutter_test/src/widget_tester.dart","root_line":126,"root_column":3,"root_url":"file:///Users/forest/code/langGraph/flutter_forge/apps/flutter_forge/test/modules/platform/bluetooth_ble/ble_session_test.dart"},"type":"testStart","time":5122}
{"testID":158,"messageType":"print","message":"[video-diag] initialize-complete 22ms success","type":"print","time":5136}
{"testID":158,"messageType":"print","message":"[video-diag] probe-start 0ms started","type":"print","time":5137}
{"testID":158,"messageType":"print","message":"[video-diag] probe-complete 0ms reachable=true","type":"print","time":5137}
{"testID":158,"messageType":"print","message":"[video-diag] initialize-start 0ms started","type":"print","time":5137}

[{"event":"test.startedProcess","params":{"vmServiceUri":null}}]
{"testID":162,"result":"success","skipped":false,"hidden":false,"type":"testDone","time":5230}
{"test":{"id":163,"name":"Android powered-on control opens settings for shutdown","suiteID":91,"groupIDs":[113],"metadata":{"skip":false,"skipReason":null},"line":174,"column":5,"url":"package:flutter_test/src/widget_tester.dart","root_line":159,"root_column":3,"root_url":"file:///Users/forest/code/langGraph/flutter_forge/apps/flutter_forge/test/modules/platform/bluetooth_ble/ble_session_test.dart"},"type":"testStart","time":5230}
{"testID":159,"result":"success","skipped":false,"hidden":false,"type":"testDone","time":5232}
{"suite":{"id":164,"platform":"vm","path":"/Users/forest/code/langGraph/flutter_forge/apps/flutter_forge/test/modules/basic/debounce_throttle/debounce_throttle_test.dart"},"type":"suite","time":5239}
{"test":{"id":165,"name":"loading /Users/forest/code/langGraph/flutter_forge/apps/flutter_forge/test/modules/basic/debounce_throttle/debounce_throttle_test.dart","suiteID":164,"groupIDs":[],"metadata":{"skip":false,"skipReason":null},"line":null,"column":null,"url":null},"type":"testStart","time":5240}
{"testID":158,"messageType":"print","message":"[video-diag] initialize-complete 101ms timeout=TimeoutException after 0:00:00.100000: Future not completed","type":"print","time":5240}
{"testID":158,"result":"success","skipped":false,"hidden":false,"type":"testDone","time":5241}
{"test":{"id":166,"name":"initialize timeout can be rebuilt on the next open","suiteID":94,"groupIDs":[98],"metadata":{"skip":false,"skipReason":null},"line":168,"column":3,"url":"file:///Users/forest/code/langGraph/flutter_forge/apps/flutter_forge/test/modules/platform/online_video_player/video_player_adapter_test.dart"},"type":"testStart","time":5241}
{"testID":166,"messageType":"print","message":"[video-diag] probe-start 0ms started","type":"print","time":5243}
{"testID":166,"messageType":"print","message":"[video-diag] probe-complete 0ms reachable=true","type":"print","time":5243}
{"testID":166,"messageType":"print","message":"[video-diag] initialize-start 0ms started","type":"print","time":5243}

[{"event":"test.startedProcess","params":{"vmServiceUri":null}}]
{"testID":163,"result":"success","skipped":false,"hidden":false,"type":"testDone","time":5297}
{"test":{"id":167,"name":"connection refresh replaces stale system devices and preserves active GATT","suiteID":91,"groupIDs":[113],"metadata":{"skip":false,"skipReason":null},"line":177,"column":3,"url":"file:///Users/forest/code/langGraph/flutter_forge/apps/flutter_forge/test/modules/platform/bluetooth_ble/ble_session_test.dart"},"type":"testStart","time":5297}
{"testID":167,"result":"success","skipped":false,"hidden":false,"type":"testDone","time":5299}
{"test":{"id":168,"name":"Bluetooth power-off clears current system and application connections","suiteID":91,"groupIDs":[113],"metadata":{"skip":false,"skipReason":null},"line":196,"column":3,"url":"file:///Users/forest/code/langGraph/flutter_forge/apps/flutter_forge/test/modules/platform/bluetooth_ble/ble_session_test.dart"},"type":"testStart","time":5299}
{"testID":168,"result":"success","skipped":false,"hidden":false,"type":"testDone","time":5300}
{"test":{"id":169,"name":"connected device stays at top with disconnect action","suiteID":91,"groupIDs":[113],"metadata":{"skip":false,"skipReason":null},"line":174,"column":5,"url":"package:flutter_test/src/widget_tester.dart","root_line":212,"root_column":3,"root_url":"file:///Users/forest/code/langGraph/flutter_forge/apps/flutter_forge/test/modules/platform/bluetooth_ble/ble_session_test.dart"},"type":"testStart","time":5300}
{"testID":166,"messageType":"print","message":"[video-diag] initialize-complete 81ms timeout=TimeoutException after 0:00:00.080000: Future not completed","type":"print","time":5325}
{"testID":166,"messageType":"print","message":"[video-diag] probe-start 0ms started","type":"print","time":5325}
{"testID":166,"messageType":"print","message":"[video-diag] probe-complete 0ms reachable=true","type":"print","time":5325}
{"testID":166,"messageType":"print","message":"[video-diag] initialize-start 0ms started","type":"print","time":5325}
{"testID":166,"messageType":"print","message":"[video-diag] initialize-complete 22ms success","type":"print","time":5348}
{"testID":166,"messageType":"print","message":"video_player dispose failed: UnimplementedError: init() has not been implemented.","type":"print","time":5348}
{"testID":166,"result":"success","skipped":false,"hidden":false,"type":"testDone","time":5348}
{"test":{"id":170,"name":"dispose releases a live controller without hanging","suiteID":94,"groupIDs":[98],"metadata":{"skip":false,"skipReason":null},"line":188,"column":3,"url":"file:///Users/forest/code/langGraph/flutter_forge/apps/flutter_forge/test/modules/platform/online_video_player/video_player_adapter_test.dart"},"type":"testStart","time":5348}
{"testID":170,"messageType":"print","message":"[video-diag] probe-start 0ms started","type":"print","time":5349}
{"testID":170,"messageType":"print","message":"[video-diag] probe-complete 0ms reachable=true","type":"print","time":5349}
{"testID":170,"messageType":"print","message":"[video-diag] initialize-start 0ms started","type":"print","time":5349}
{"testID":169,"result":"success","skipped":false,"hidden":false,"type":"testDone","time":5358}
{"test":{"id":171,"name":"Android can request the system Bluetooth switch","suiteID":91,"groupIDs":[113],"metadata":{"skip":false,"skipReason":null},"line":174,"column":5,"url":"package:flutter_test/src/widget_tester.dart","root_line":235,"root_column":3,"root_url":"file:///Users/forest/code/langGraph/flutter_forge/apps/flutter_forge/test/modules/platform/bluetooth_ble/ble_session_test.dart"},"type":"testStart","time":5358}
{"testID":170,"messageType":"print","message":"[video-diag] initialize-complete 22ms success","type":"print","time":5372}
{"testID":170,"result":"success","skipped":false,"hidden":false,"type":"testDone","time":5386}
{"test":{"id":172,"name":"concurrent open discards the superseded generation","suiteID":94,"groupIDs":[98],"metadata":{"skip":false,"skipReason":null},"line":210,"column":3,"url":"file:///Users/forest/code/langGraph/flutter_forge/apps/flutter_forge/test/modules/platform/online_video_player/video_player_adapter_test.dart"},"type":"testStart","time":5386}
{"testID":172,"messageType":"print","message":"[video-diag] probe-start 0ms started","type":"print","time":5387}
{"testID":172,"messageType":"print","message":"[video-diag] probe-start 0ms started","type":"print","time":5387}
{"testID":172,"messageType":"print","message":"[video-diag] probe-complete 0ms reachable=true","type":"print","time":5387}
{"testID":172,"messageType":"print","message":"[video-diag] initialize-start 0ms started","type":"print","time":5387}
{"testID":172,"messageType":"print","message":"[video-diag] initialize-complete 21ms success","type":"print","time":5409}
{"testID":171,"result":"success","skipped":false,"hidden":false,"type":"testDone","time":5411}
{"test":{"id":173,"name":"scan list favors readable names and can reveal unnamed devices","suiteID":91,"groupIDs":[113],"metadata":{"skip":false,"skipReason":null},"line":174,"column":5,"url":"package:flutter_test/src/widget_tester.dart","root_line":252,"root_column":3,"root_url":"file:///Users/forest/code/langGraph/flutter_forge/apps/flutter_forge/test/modules/platform/bluetooth_ble/ble_session_test.dart"},"type":"testStart","time":5411}
{"testID":172,"messageType":"print","message":"[video-diag] probe-complete 152ms reachable=true","type":"print","time":5540}
{"testID":172,"messageType":"print","message":"video_player dispose failed: UnimplementedError: init() has not been implemented.","type":"print","time":5540}
{"testID":172,"result":"success","skipped":false,"hidden":false,"type":"testDone","time":5540}
{"suite":{"id":174,"platform":"vm","path":"/Users/forest/code/langGraph/flutter_forge/apps/flutter_forge/test/modules/basic/microtask/microtask_test.dart"},"type":"suite","time":5547}
{"test":{"id":175,"name":"loading /Users/forest/code/langGraph/flutter_forge/apps/flutter_forge/test/modules/basic/microtask/microtask_test.dart","suiteID":174,"groupIDs":[],"metadata":{"skip":false,"skipReason":null},"line":null,"column":null,"url":null},"type":"testStart","time":5547}
{"testID":173,"result":"success","skipped":false,"hidden":false,"type":"testDone","time":5561}
{"test":{"id":176,"name":"catalog opens BLE on Android macOS and Windows without claiming host acceptance","suiteID":91,"groupIDs":[113],"metadata":{"skip":false,"skipReason":null},"line":286,"column":3,"url":"file:///Users/forest/code/langGraph/flutter_forge/apps/flutter_forge/test/modules/platform/bluetooth_ble/ble_session_test.dart"},"type":"testStart","time":5562}
{"testID":176,"result":"success","skipped":false,"hidden":false,"type":"testDone","time":5570}
{"test":{"id":177,"name":"scan stops on timeout and reports empty result","suiteID":91,"groupIDs":[113],"metadata":{"skip":false,"skipReason":null},"line":304,"column":3,"url":"file:///Users/forest/code/langGraph/flutter_forge/apps/flutter_forge/test/modules/platform/bluetooth_ble/ble_session_test.dart"},"type":"testStart","time":5570}

[{"event":"test.startedProcess","params":{"vmServiceUri":null}}]
{"testID":177,"result":"success","skipped":false,"hidden":false,"type":"testDone","time":5616}
{"test":{"id":178,"name":"permission refusal prevents scanning","suiteID":91,"groupIDs":[113],"metadata":{"skip":false,"skipReason":null},"line":320,"column":3,"url":"file:///Users/forest/code/langGraph/flutter_forge/apps/flutter_forge/test/modules/platform/bluetooth_ble/ble_session_test.dart"},"type":"testStart","time":5616}
{"testID":178,"result":"success","skipped":false,"hidden":false,"type":"testDone","time":5619}
{"test":{"id":179,"name":"read and subscription obey characteristic properties and release","suiteID":91,"groupIDs":[113],"metadata":{"skip":false,"skipReason":null},"line":330,"column":3,"url":"file:///Users/forest/code/langGraph/flutter_forge/apps/flutter_forge/test/modules/platform/bluetooth_ble/ble_session_test.dart"},"type":"testStart","time":5620}
{"testID":179,"result":"success","skipped":false,"hidden":false,"type":"testDone","time":5624}
{"suite":{"id":180,"platform":"vm","path":"/Users/forest/code/langGraph/flutter_forge/apps/flutter_forge/test/modules/basic/tree_state/tree_state_test.dart"},"type":"suite","time":5633}
{"test":{"id":181,"name":"loading /Users/forest/code/langGraph/flutter_forge/apps/flutter_forge/test/modules/basic/tree_state/tree_state_test.dart","suiteID":180,"groupIDs":[],"metadata":{"skip":false,"skipReason":null},"line":null,"column":null,"url":null},"type":"testStart","time":5633}

[{"event":"test.startedProcess","params":{"vmServiceUri":null}}]
{"testID":165,"result":"success","skipped":false,"hidden":true,"type":"testDone","time":5708}
{"group":{"id":182,"suiteID":164,"parentID":null,"name":"","metadata":{"skip":false,"skipReason":null},"testCount":5,"line":null,"column":null,"url":null},"type":"group","time":5709}
{"test":{"id":183,"name":"module entry is constructible","suiteID":164,"groupIDs":[182],"metadata":{"skip":false,"skipReason":null},"line":6,"column":3,"url":"file:///Users/forest/code/langGraph/flutter_forge/apps/flutter_forge/test/modules/basic/debounce_throttle/debounce_throttle_test.dart"},"type":"testStart","time":5709}
{"testID":183,"result":"success","skipped":false,"hidden":false,"type":"testDone","time":5717}
{"test":{"id":184,"name":"comparison remains usable at 360x800","suiteID":164,"groupIDs":[182],"metadata":{"skip":false,"skipReason":null},"line":174,"column":5,"url":"package:flutter_test/src/widget_tester.dart","root_line":10,"root_column":3,"root_url":"file:///Users/forest/code/langGraph/flutter_forge/apps/flutter_forge/test/modules/basic/debounce_throttle/debounce_throttle_test.dart"},"type":"testStart","time":5717}
{"testID":161,"result":"success","skipped":false,"hidden":true,"type":"testDone","time":5754}
{"group":{"id":185,"suiteID":160,"parentID":null,"name":"","metadata":{"skip":false,"skipReason":null},"testCount":2,"line":null,"column":null,"url":null},"type":"group","time":5754}
{"test":{"id":186,"name":"module entry is constructible","suiteID":160,"groupIDs":[185],"metadata":{"skip":false,"skipReason":null},"line":7,"column":3,"url":"file:///Users/forest/code/langGraph/flutter_forge/apps/flutter_forge/test/modules/async/isolate_basic/isolate_basic_test.dart"},"type":"testStart","time":5754}
{"testID":153,"result":"success","skipped":false,"hidden":true,"type":"testDone","time":5764}
{"group":{"id":187,"suiteID":152,"parentID":null,"name":"","metadata":{"skip":false,"skipReason":null},"testCount":1,"line":null,"column":null,"url":null},"type":"group","time":5764}
{"test":{"id":188,"name":"StreamDemoPage renders teaching components","suiteID":152,"groupIDs":[187],"metadata":{"skip":false,"skipReason":null},"line":174,"column":5,"url":"package:flutter_test/src/widget_tester.dart","root_line":7,"root_column":3,"root_url":"file:///Users/forest/code/langGraph/flutter_forge/apps/flutter_forge/test/modules/async/stream_subscription/stream_subscription_test.dart"},"type":"testStart","time":5764}
{"testID":186,"result":"success","skipped":false,"hidden":false,"type":"testDone","time":5764}
{"test":{"id":189,"name":"isolate home fits supported viewports","suiteID":160,"groupIDs":[185],"metadata":{"skip":false,"skipReason":null},"line":174,"column":5,"url":"package:flutter_test/src/widget_tester.dart","root_line":11,"root_column":3,"root_url":"file:///Users/forest/code/langGraph/flutter_forge/apps/flutter_forge/test/modules/async/isolate_basic/isolate_basic_test.dart"},"type":"testStart","time":5765}
{"testID":181,"result":"success","skipped":false,"hidden":true,"type":"testDone","time":6122}
{"group":{"id":190,"suiteID":180,"parentID":null,"name":"","metadata":{"skip":false,"skipReason":null},"testCount":2,"line":null,"column":null,"url":null},"type":"group","time":6122}
{"test":{"id":191,"name":"module entry is constructible","suiteID":180,"groupIDs":[190],"metadata":{"skip":false,"skipReason":null},"line":7,"column":3,"url":"file:///Users/forest/code/langGraph/flutter_forge/apps/flutter_forge/test/modules/basic/tree_state/tree_state_test.dart"},"type":"testStart","time":6122}
{"testID":191,"result":"success","skipped":false,"hidden":false,"type":"testDone","time":6131}
{"test":{"id":192,"name":"demo home keeps its scrollable entry list within bounds","suiteID":180,"groupIDs":[190],"metadata":{"skip":false,"skipReason":null},"line":174,"column":5,"url":"package:flutter_test/src/widget_tester.dart","root_line":11,"root_column":3,"root_url":"file:///Users/forest/code/langGraph/flutter_forge/apps/flutter_forge/test/modules/basic/tree_state/tree_state_test.dart"},"type":"testStart","time":6131}
{"testID":175,"result":"success","skipped":false,"hidden":true,"type":"testDone","time":6175}
{"group":{"id":193,"suiteID":174,"parentID":null,"name":"","metadata":{"skip":false,"skipReason":null},"testCount":2,"line":null,"column":null,"url":null},"type":"group","time":6175}
{"test":{"id":194,"name":"module entry is constructible","suiteID":174,"groupIDs":[193],"metadata":{"skip":false,"skipReason":null},"line":7,"column":3,"url":"file:///Users/forest/code/langGraph/flutter_forge/apps/flutter_forge/test/modules/basic/microtask/microtask_test.dart"},"type":"testStart","time":6175}
{"testID":194,"result":"success","skipped":false,"hidden":false,"type":"testDone","time":6183}
{"test":{"id":195,"name":"microtask home fits supported viewports","suiteID":174,"groupIDs":[193],"metadata":{"skip":false,"skipReason":null},"line":174,"column":5,"url":"package:flutter_test/src/widget_tester.dart","root_line":11,"root_column":3,"root_url":"file:///Users/forest/code/langGraph/flutter_forge/apps/flutter_forge/test/modules/basic/microtask/microtask_test.dart"},"type":"testStart","time":6183}
{"testID":189,"result":"success","skipped":false,"hidden":false,"type":"testDone","time":6234}
{"suite":{"id":196,"platform":"vm","path":"/Users/forest/code/langGraph/flutter_forge/apps/flutter_forge/test/modules/basic/constraint_layout/constraint_layout_test.dart"},"type":"suite","time":6240}
{"test":{"id":197,"name":"loading /Users/forest/code/langGraph/flutter_forge/apps/flutter_forge/test/modules/basic/constraint_layout/constraint_layout_test.dart","suiteID":196,"groupIDs":[],"metadata":{"skip":false,"skipReason":null},"line":null,"column":null,"url":null},"type":"testStart","time":6240}
{"testID":188,"result":"success","skipped":false,"hidden":false,"type":"testDone","time":6295}
{"suite":{"id":198,"platform":"vm","path":"/Users/forest/code/langGraph/flutter_forge/apps/flutter_forge/test/modules/popup_table/popup_list_interaction/popup_layout_test.dart"},"type":"suite","time":6302}
{"test":{"id":199,"name":"loading /Users/forest/code/langGraph/flutter_forge/apps/flutter_forge/test/modules/popup_table/popup_list_interaction/popup_layout_test.dart","suiteID":198,"groupIDs":[],"metadata":{"skip":false,"skipReason":null},"line":null,"column":null,"url":null},"type":"testStart","time":6302}

[{"event":"test.startedProcess","params":{"vmServiceUri":null}}]

[{"event":"test.startedProcess","params":{"vmServiceUri":null}}]
{"testID":184,"result":"success","skipped":false,"hidden":false,"type":"testDone","time":6414}
{"test":{"id":200,"name":"scroll comparison remains usable at 360x800","suiteID":164,"groupIDs":[182],"metadata":{"skip":false,"skipReason":null},"line":174,"column":5,"url":"package:flutter_test/src/widget_tester.dart","root_line":57,"root_column":3,"root_url":"file:///Users/forest/code/langGraph/flutter_forge/apps/flutter_forge/test/modules/basic/debounce_throttle/debounce_throttle_test.dart"},"type":"testStart","time":6415}
{"testID":200,"result":"success","skipped":false,"hidden":false,"type":"testDone","time":6548}
{"test":{"id":201,"name":"comparison remains usable at 600x900","suiteID":164,"groupIDs":[182],"metadata":{"skip":false,"skipReason":null},"line":174,"column":5,"url":"package:flutter_test/src/widget_tester.dart","root_line":83,"root_column":5,"root_url":"file:///Users/forest/code/langGraph/flutter_forge/apps/flutter_forge/test/modules/basic/debounce_throttle/debounce_throttle_test.dart"},"type":"testStart","time":6548}
{"testID":192,"result":"success","skipped":false,"hidden":false,"type":"testDone","time":6627}
{"suite":{"id":202,"platform":"vm","path":"/Users/forest/code/langGraph/flutter_forge/apps/flutter_forge/test/modules/popup_table/popup_list_interaction/popup_list_interaction_test.dart"},"type":"suite","time":6634}
{"test":{"id":203,"name":"loading /Users/forest/code/langGraph/flutter_forge/apps/flutter_forge/test/modules/popup_table/popup_list_interaction/popup_list_interaction_test.dart","suiteID":202,"groupIDs":[],"metadata":{"skip":false,"skipReason":null},"line":null,"column":null,"url":null},"type":"testStart","time":6634}
{"testID":201,"result":"success","skipped":false,"hidden":false,"type":"testDone","time":6677}
{"test":{"id":204,"name":"comparison remains usable at 1024x768","suiteID":164,"groupIDs":[182],"metadata":{"skip":false,"skipReason":null},"line":174,"column":5,"url":"package:flutter_test/src/widget_tester.dart","root_line":83,"root_column":5,"root_url":"file:///Users/forest/code/langGraph/flutter_forge/apps/flutter_forge/test/modules/basic/debounce_throttle/debounce_throttle_test.dart"},"type":"testStart","time":6677}

[{"event":"test.startedProcess","params":{"vmServiceUri":null}}]
{"testID":195,"result":"success","skipped":false,"hidden":false,"type":"testDone","time":6710}
{"suite":{"id":205,"platform":"vm","path":"/Users/forest/code/langGraph/flutter_forge/apps/flutter_forge/test/modules/popup_table/scroll_table/scroll_table_test.dart"},"type":"suite","time":6717}
{"test":{"id":206,"name":"loading /Users/forest/code/langGraph/flutter_forge/apps/flutter_forge/test/modules/popup_table/scroll_table/scroll_table_test.dart","suiteID":205,"groupIDs":[],"metadata":{"skip":false,"skipReason":null},"line":null,"column":null,"url":null},"type":"testStart","time":6717}
{"testID":199,"result":"success","skipped":false,"hidden":true,"type":"testDone","time":6739}
{"group":{"id":207,"suiteID":198,"parentID":null,"name":"","metadata":{"skip":false,"skipReason":null},"testCount":4,"line":null,"column":null,"url":null},"type":"group","time":6740}
{"test":{"id":208,"name":"(setUpAll)","suiteID":198,"groupIDs":[207],"metadata":{"skip":false,"skipReason":null},"line":16,"column":3,"url":"file:///Users/forest/code/langGraph/flutter_forge/apps/flutter_forge/test/modules/popup_table/popup_list_interaction/popup_layout_test.dart"},"type":"testStart","time":6740}
{"testID":208,"result":"success","skipped":false,"hidden":true,"type":"testDone","time":6749}
{"test":{"id":209,"name":"popup teaching page fits 320dp","suiteID":198,"groupIDs":[207],"metadata":{"skip":false,"skipReason":null},"line":174,"column":5,"url":"package:flutter_test/src/widget_tester.dart","root_line":33,"root_column":7,"root_url":"file:///Users/forest/code/langGraph/flutter_forge/apps/flutter_forge/test/modules/popup_table/popup_list_interaction/popup_layout_test.dart"},"type":"testStart","time":6749}

[{"event":"test.startedProcess","params":{"vmServiceUri":null}}]
{"testID":204,"result":"success","skipped":false,"hidden":false,"type":"testDone","time":6791}
{"suite":{"id":210,"platform":"vm","path":"/Users/forest/code/langGraph/flutter_forge/apps/flutter_forge/test/modules/popup_table/overlay_follow_compare/overlay_follow_compare_test.dart"},"type":"suite","time":6798}
{"test":{"id":211,"name":"loading /Users/forest/code/langGraph/flutter_forge/apps/flutter_forge/test/modules/popup_table/overlay_follow_compare/overlay_follow_compare_test.dart","suiteID":210,"groupIDs":[],"metadata":{"skip":false,"skipReason":null},"line":null,"column":null,"url":null},"type":"testStart","time":6798}

[{"event":"test.startedProcess","params":{"vmServiceUri":null}}]
{"testID":209,"result":"success","skipped":false,"hidden":false,"type":"testDone","time":7107}
{"test":{"id":212,"name":"table teaching page fits 320dp","suiteID":198,"groupIDs":[207],"metadata":{"skip":false,"skipReason":null},"line":174,"column":5,"url":"package:flutter_test/src/widget_tester.dart","root_line":33,"root_column":7,"root_url":"file:///Users/forest/code/langGraph/flutter_forge/apps/flutter_forge/test/modules/popup_table/popup_list_interaction/popup_layout_test.dart"},"type":"testStart","time":7108}
{"testID":211,"result":"success","skipped":false,"hidden":true,"type":"testDone","time":7115}
{"group":{"id":213,"suiteID":210,"parentID":null,"name":"","metadata":{"skip":false,"skipReason":null},"testCount":1,"line":null,"column":null,"url":null},"type":"group","time":7115}
{"test":{"id":214,"name":"OverlayComparePage renders teaching components","suiteID":210,"groupIDs":[213],"metadata":{"skip":false,"skipReason":null},"line":174,"column":5,"url":"package:flutter_test/src/widget_tester.dart","root_line":7,"root_column":3,"root_url":"file:///Users/forest/code/langGraph/flutter_forge/apps/flutter_forge/test/modules/popup_table/overlay_follow_compare/overlay_follow_compare_test.dart"},"type":"testStart","time":7115}
{"testID":197,"result":"success","skipped":false,"hidden":true,"type":"testDone","time":7125}
{"group":{"id":215,"suiteID":196,"parentID":null,"name":"","metadata":{"skip":false,"skipReason":null},"testCount":11,"line":null,"column":null,"url":null},"type":"group","time":7125}
{"test":{"id":216,"name":"drag updates constraints continuously and stops on cancellation","suiteID":196,"groupIDs":[215],"metadata":{"skip":false,"skipReason":null},"line":174,"column":5,"url":"package:flutter_test/src/widget_tester.dart","root_line":29,"root_column":3,"root_url":"file:///Users/forest/code/langGraph/flutter_forge/apps/flutter_forge/test/modules/basic/constraint_layout/constraint_layout_test.dart"},"type":"testStart","time":7125}
{"testID":206,"result":"success","skipped":false,"hidden":true,"type":"testDone","time":7243}
{"group":{"id":217,"suiteID":205,"parentID":null,"name":"","metadata":{"skip":false,"skipReason":null},"testCount":1,"line":null,"column":null,"url":null},"type":"group","time":7243}
{"test":{"id":218,"name":"module entry is constructible","suiteID":205,"groupIDs":[217],"metadata":{"skip":false,"skipReason":null},"line":6,"column":3,"url":"file:///Users/forest/code/langGraph/flutter_forge/apps/flutter_forge/test/modules/popup_table/scroll_table/scroll_table_test.dart"},"type":"testStart","time":7243}
{"testID":218,"result":"success","skipped":false,"hidden":false,"type":"testDone","time":7252}
{"suite":{"id":219,"platform":"vm","path":"/Users/forest/code/langGraph/flutter_forge/apps/flutter_forge/test/modules/popup_table/popup_widgets/popup_widgets_test.dart"},"type":"suite","time":7258}
{"test":{"id":220,"name":"loading /Users/forest/code/langGraph/flutter_forge/apps/flutter_forge/test/modules/popup_table/popup_widgets/popup_widgets_test.dart","suiteID":219,"groupIDs":[],"metadata":{"skip":false,"skipReason":null},"line":null,"column":null,"url":null},"type":"testStart","time":7258}

[{"event":"test.startedProcess","params":{"vmServiceUri":null}}]
{"testID":203,"result":"success","skipped":false,"hidden":true,"type":"testDone","time":7367}
{"group":{"id":221,"suiteID":202,"parentID":null,"name":"","metadata":{"skip":false,"skipReason":null},"testCount":6,"line":null,"column":null,"url":null},"type":"group","time":7368}
{"test":{"id":222,"name":"module entry is constructible","suiteID":202,"groupIDs":[221],"metadata":{"skip":false,"skipReason":null},"line":10,"column":3,"url":"file:///Users/forest/code/langGraph/flutter_forge/apps/flutter_forge/test/modules/popup_table/popup_list_interaction/popup_list_interaction_test.dart"},"type":"testStart","time":7368}
{"testID":222,"result":"success","skipped":false,"hidden":false,"type":"testDone","time":7374}
{"test":{"id":223,"name":"popup nested route opens from its module page","suiteID":202,"groupIDs":[221],"metadata":{"skip":false,"skipReason":null},"line":174,"column":5,"url":"package:flutter_test/src/widget_tester.dart","root_line":14,"root_column":3,"root_url":"file:///Users/forest/code/langGraph/flutter_forge/apps/flutter_forge/test/modules/popup_table/popup_list_interaction/popup_list_interaction_test.dart"},"type":"testStart","time":7374}
{"testID":212,"result":"success","skipped":false,"hidden":false,"type":"testDone","time":7403}
{"test":{"id":224,"name":"popup teaching page fits 1100dp","suiteID":198,"groupIDs":[207],"metadata":{"skip":false,"skipReason":null},"line":174,"column":5,"url":"package:flutter_test/src/widget_tester.dart","root_line":33,"root_column":7,"root_url":"file:///Users/forest/code/langGraph/flutter_forge/apps/flutter_forge/test/modules/popup_table/popup_list_interaction/popup_layout_test.dart"},"type":"testStart","time":7403}
{"testID":224,"result":"success","skipped":false,"hidden":false,"type":"testDone","time":7437}
{"test":{"id":225,"name":"table teaching page fits 1100dp","suiteID":198,"groupIDs":[207],"metadata":{"skip":false,"skipReason":null},"line":174,"column":5,"url":"package:flutter_test/src/widget_tester.dart","root_line":33,"root_column":7,"root_url":"file:///Users/forest/code/langGraph/flutter_forge/apps/flutter_forge/test/modules/popup_table/popup_list_interaction/popup_layout_test.dart"},"type":"testStart","time":7438}
{"testID":225,"result":"success","skipped":false,"hidden":false,"type":"testDone","time":7539}
{"test":{"id":226,"name":"(tearDownAll)","suiteID":198,"groupIDs":[207],"metadata":{"skip":false,"skipReason":null},"line":null,"column":null,"url":null},"type":"testStart","time":7539}
{"testID":226,"result":"success","skipped":false,"hidden":true,"type":"testDone","time":7541}
{"suite":{"id":227,"platform":"vm","path":"/Users/forest/code/langGraph/flutter_forge/apps/flutter_forge/test/modules/state/status_management/status_management_test.dart"},"type":"suite","time":7554}
{"test":{"id":228,"name":"loading /Users/forest/code/langGraph/flutter_forge/apps/flutter_forge/test/modules/state/status_management/status_management_test.dart","suiteID":227,"groupIDs":[],"metadata":{"skip":false,"skipReason":null},"line":null,"column":null,"url":null},"type":"testStart","time":7554}

[{"event":"test.startedProcess","params":{"vmServiceUri":null}}]
{"testID":214,"result":"success","skipped":false,"hidden":false,"type":"testDone","time":7628}
{"suite":{"id":229,"platform":"vm","path":"/Users/forest/code/langGraph/flutter_forge/apps/flutter_forge/test/modules/state/flutter_ioc/flutter_ioc_test.dart"},"type":"suite","time":7633}
{"test":{"id":230,"name":"loading /Users/forest/code/langGraph/flutter_forge/apps/flutter_forge/test/modules/state/flutter_ioc/flutter_ioc_test.dart","suiteID":229,"groupIDs":[],"metadata":{"skip":false,"skipReason":null},"line":null,"column":null,"url":null},"type":"testStart","time":7633}

[{"event":"test.startedProcess","params":{"vmServiceUri":null}}]
{"testID":216,"result":"success","skipped":false,"hidden":false,"type":"testDone","time":7890}
{"test":{"id":231,"name":"drag bounds remain valid and width handle triggers wrap","suiteID":196,"groupIDs":[215],"metadata":{"skip":false,"skipReason":null},"line":174,"column":5,"url":"package:flutter_test/src/widget_tester.dart","root_line":70,"root_column":3,"root_url":"file:///Users/forest/code/langGraph/flutter_forge/apps/flutter_forge/test/modules/basic/constraint_layout/constraint_layout_test.dart"},"type":"testStart","time":7891}
{"testID":220,"result":"success","skipped":false,"hidden":true,"type":"testDone","time":7931}
{"group":{"id":232,"suiteID":219,"parentID":null,"name":"","metadata":{"skip":false,"skipReason":null},"testCount":7,"line":null,"column":null,"url":null},"type":"group","time":7931}
{"test":{"id":233,"name":"PopWidgetEntry renders module page","suiteID":219,"groupIDs":[232],"metadata":{"skip":false,"skipReason":null},"line":174,"column":5,"url":"package:flutter_test/src/widget_tester.dart","root_line":13,"root_column":3,"root_url":"file:///Users/forest/code/langGraph/flutter_forge/apps/flutter_forge/test/modules/popup_table/popup_widgets/popup_widgets_test.dart"},"type":"testStart","time":7931}
{"testID":230,"result":"success","skipped":false,"hidden":true,"type":"testDone","time":8040}
{"group":{"id":234,"suiteID":229,"parentID":null,"name":"","metadata":{"skip":false,"skipReason":null},"testCount":1,"line":null,"column":null,"url":null},"type":"group","time":8040}
{"test":{"id":235,"name":"module entry is constructible","suiteID":229,"groupIDs":[234],"metadata":{"skip":false,"skipReason":null},"line":6,"column":3,"url":"file:///Users/forest/code/langGraph/flutter_forge/apps/flutter_forge/test/modules/state/flutter_ioc/flutter_ioc_test.dart"},"type":"testStart","time":8040}
{"testID":223,"result":"success","skipped":false,"hidden":false,"type":"testDone","time":8043}
{"test":{"id":236,"name":"list nested route opens from its module page","suiteID":202,"groupIDs":[221],"metadata":{"skip":false,"skipReason":null},"line":174,"column":5,"url":"package:flutter_test/src/widget_tester.dart","root_line":34,"root_column":3,"root_url":"file:///Users/forest/code/langGraph/flutter_forge/apps/flutter_forge/test/modules/popup_table/popup_list_interaction/popup_list_interaction_test.dart"},"type":"testStart","time":8043}
{"testID":235,"result":"success","skipped":false,"hidden":false,"type":"testDone","time":8048}
{"suite":{"id":237,"platform":"vm","path":"/Users/forest/code/langGraph/flutter_forge/apps/flutter_forge/test/modules/state/local_persistence/preferences_service_test.dart"},"type":"suite","time":8053}
{"test":{"id":238,"name":"loading /Users/forest/code/langGraph/flutter_forge/apps/flutter_forge/test/modules/state/local_persistence/preferences_service_test.dart","suiteID":237,"groupIDs":[],"metadata":{"skip":false,"skipReason":null},"line":null,"column":null,"url":null},"type":"testStart","time":8053}

[{"event":"test.startedProcess","params":{"vmServiceUri":null}}]
{"testID":228,"result":"success","skipped":false,"hidden":true,"type":"testDone","time":8158}
{"group":{"id":239,"suiteID":227,"parentID":null,"name":"","metadata":{"skip":false,"skipReason":null},"testCount":3,"line":null,"column":null,"url":null},"type":"group","time":8158}
{"test":{"id":240,"name":"module entry is constructible","suiteID":227,"groupIDs":[239],"metadata":{"skip":false,"skipReason":null},"line":8,"column":3,"url":"file:///Users/forest/code/langGraph/flutter_forge/apps/flutter_forge/test/modules/state/status_management/status_management_test.dart"},"type":"testStart","time":8158}
{"testID":231,"result":"success","skipped":false,"hidden":false,"type":"testDone","time":8163}
{"test":{"id":241,"name":"layout transition respects reduced motion: false","suiteID":196,"groupIDs":[215],"metadata":{"skip":false,"skipReason":null},"line":174,"column":5,"url":"package:flutter_test/src/widget_tester.dart","root_line":129,"root_column":5,"root_url":"file:///Users/forest/code/langGraph/flutter_forge/apps/flutter_forge/test/modules/basic/constraint_layout/constraint_layout_test.dart"},"type":"testStart","time":8163}
{"testID":240,"result":"success","skipped":false,"hidden":false,"type":"testDone","time":8166}
{"test":{"id":242,"name":"riverpod lifting controls fit a compact Android viewport","suiteID":227,"groupIDs":[239],"metadata":{"skip":false,"skipReason":null},"line":174,"column":5,"url":"package:flutter_test/src/widget_tester.dart","root_line":12,"root_column":3,"root_url":"file:///Users/forest/code/langGraph/flutter_forge/apps/flutter_forge/test/modules/state/status_management/status_management_test.dart"},"type":"testStart","time":8166}
{"testID":236,"result":"success","skipped":false,"hidden":false,"type":"testDone","time":8230}
{"test":{"id":243,"name":"cell edits commit only on save and cancel preserves the value","suiteID":202,"groupIDs":[221],"metadata":{"skip":false,"skipReason":null},"line":174,"column":5,"url":"package:flutter_test/src/widget_tester.dart","root_line":54,"root_column":3,"root_url":"file:///Users/forest/code/langGraph/flutter_forge/apps/flutter_forge/test/modules/popup_table/popup_list_interaction/popup_list_interaction_test.dart"},"type":"testStart","time":8231}
{"testID":241,"result":"success","skipped":false,"hidden":false,"type":"testDone","time":8266}
{"test":{"id":244,"name":"layout transition respects reduced motion: true","suiteID":196,"groupIDs":[215],"metadata":{"skip":false,"skipReason":null},"line":174,"column":5,"url":"package:flutter_test/src/widget_tester.dart","root_line":129,"root_column":5,"root_url":"file:///Users/forest/code/langGraph/flutter_forge/apps/flutter_forge/test/modules/basic/constraint_layout/constraint_layout_test.dart"},"type":"testStart","time":8266}
{"testID":244,"result":"success","skipped":false,"hidden":false,"type":"testDone","time":8387}
{"test":{"id":245,"name":"module is registered in basic with an unrestricted stable route","suiteID":196,"groupIDs":[215],"metadata":{"skip":false,"skipReason":null},"line":168,"column":3,"url":"file:///Users/forest/code/langGraph/flutter_forge/apps/flutter_forge/test/modules/basic/constraint_layout/constraint_layout_test.dart"},"type":"testStart","time":8387}
{"testID":245,"result":"success","skipped":false,"hidden":false,"type":"testDone","time":8397}
{"test":{"id":246,"name":"loose constraints clamp requested size and tight constraints fill parent","suiteID":196,"groupIDs":[215],"metadata":{"skip":false,"skipReason":null},"line":174,"column":5,"url":"package:flutter_test/src/widget_tester.dart","root_line":177,"root_column":3,"root_url":"file:///Users/forest/code/langGraph/flutter_forge/apps/flutter_forge/test/modules/basic/constraint_layout/constraint_layout_test.dart"},"type":"testStart","time":8397}
{"testID":238,"result":"success","skipped":false,"hidden":true,"type":"testDone","time":8519}
{"group":{"id":247,"suiteID":237,"parentID":null,"name":"","metadata":{"skip":false,"skipReason":null},"testCount":5,"line":null,"column":null,"url":null},"type":"group","time":8519}
{"test":{"id":248,"name":"reads and writes an int","suiteID":237,"groupIDs":[247],"metadata":{"skip":false,"skipReason":null},"line":13,"column":3,"url":"file:///Users/forest/code/langGraph/flutter_forge/apps/flutter_forge/test/modules/state/local_persistence/preferences_service_test.dart"},"type":"testStart","time":8519}
{"testID":248,"result":"success","skipped":false,"hidden":false,"type":"testDone","time":8531}
{"test":{"id":249,"name":"reads and writes a bool","suiteID":237,"groupIDs":[247],"metadata":{"skip":false,"skipReason":null},"line":19,"column":3,"url":"file:///Users/forest/code/langGraph/flutter_forge/apps/flutter_forge/test/modules/state/local_persistence/preferences_service_test.dart"},"type":"testStart","time":8532}
{"testID":249,"result":"success","skipped":false,"hidden":false,"type":"testDone","time":8533}
{"test":{"id":250,"name":"reads and writes a string","suiteID":237,"groupIDs":[247],"metadata":{"skip":false,"skipReason":null},"line":24,"column":3,"url":"file:///Users/forest/code/langGraph/flutter_forge/apps/flutter_forge/test/modules/state/local_persistence/preferences_service_test.dart"},"type":"testStart","time":8533}
{"testID":246,"result":"success","skipped":false,"hidden":false,"type":"testDone","time":8534}
{"test":{"id":251,"name":"declared layout changes positions while preserving data","suiteID":196,"groupIDs":[215],"metadata":{"skip":false,"skipReason":null},"line":174,"column":5,"url":"package:flutter_test/src/widget_tester.dart","root_line":206,"root_column":3,"root_url":"file:///Users/forest/code/langGraph/flutter_forge/apps/flutter_forge/test/modules/basic/constraint_layout/constraint_layout_test.dart"},"type":"testStart","time":8534}
{"testID":250,"result":"success","skipped":false,"hidden":false,"type":"testDone","time":8535}
{"test":{"id":252,"name":"removes a key","suiteID":237,"groupIDs":[247],"metadata":{"skip":false,"skipReason":null},"line":29,"column":3,"url":"file:///Users/forest/code/langGraph/flutter_forge/apps/flutter_forge/test/modules/state/local_persistence/preferences_service_test.dart"},"type":"testStart","time":8535}
{"testID":252,"result":"success","skipped":false,"hidden":false,"type":"testDone","time":8537}
{"test":{"id":253,"name":"clears all keys","suiteID":237,"groupIDs":[247],"metadata":{"skip":false,"skipReason":null},"line":35,"column":3,"url":"file:///Users/forest/code/langGraph/flutter_forge/apps/flutter_forge/test/modules/state/local_persistence/preferences_service_test.dart"},"type":"testStart","time":8537}
{"testID":253,"result":"success","skipped":false,"hidden":false,"type":"testDone","time":8539}
{"suite":{"id":254,"platform":"vm","path":"/Users/forest/code/langGraph/flutter_forge/apps/flutter_forge/test/modules/state/local_persistence/local_persistence_test.dart"},"type":"suite","time":8544}
{"test":{"id":255,"name":"loading /Users/forest/code/langGraph/flutter_forge/apps/flutter_forge/test/modules/state/local_persistence/local_persistence_test.dart","suiteID":254,"groupIDs":[],"metadata":{"skip":false,"skipReason":null},"line":null,"column":null,"url":null},"type":"testStart","time":8544}
{"testID":233,"result":"success","skipped":false,"hidden":false,"type":"testDone","time":8557}
{"test":{"id":256,"name":"PopDemoHomePage renders teaching components","suiteID":219,"groupIDs":[232],"metadata":{"skip":false,"skipReason":null},"line":174,"column":5,"url":"package:flutter_test/src/widget_tester.dart","root_line":23,"root_column":3,"root_url":"file:///Users/forest/code/langGraph/flutter_forge/apps/flutter_forge/test/modules/popup_table/popup_widgets/popup_widgets_test.dart"},"type":"testStart","time":8557}
{"testID":243,"result":"success","skipped":false,"hidden":false,"type":"testDone","time":8579}
{"test":{"id":257,"name":"leaving the list with its editor open removes the popup","suiteID":202,"groupIDs":[221],"metadata":{"skip":false,"skipReason":null},"line":174,"column":5,"url":"package:flutter_test/src/widget_tester.dart","root_line":81,"root_column":3,"root_url":"file:///Users/forest/code/langGraph/flutter_forge/apps/flutter_forge/test/modules/popup_table/popup_list_interaction/popup_list_interaction_test.dart"},"type":"testStart","time":8579}

[{"event":"test.startedProcess","params":{"vmServiceUri":null}}]
{"testID":242,"result":"success","skipped":false,"hidden":false,"type":"testDone","time":8646}
{"test":{"id":258,"name":"status management home fits a compact Android viewport","suiteID":227,"groupIDs":[239],"metadata":{"skip":false,"skipReason":null},"line":174,"column":5,"url":"package:flutter_test/src/widget_tester.dart","root_line":28,"root_column":3,"root_url":"file:///Users/forest/code/langGraph/flutter_forge/apps/flutter_forge/test/modules/state/status_management/status_management_test.dart"},"type":"testStart","time":8646}
{"testID":256,"result":"success","skipped":false,"hidden":false,"type":"testDone","time":8670}
{"test":{"id":259,"name":"PopDemoHomePage FAB toggles bottom bar","suiteID":219,"groupIDs":[232],"metadata":{"skip":false,"skipReason":null},"line":174,"column":5,"url":"package:flutter_test/src/widget_tester.dart","root_line":39,"root_column":3,"root_url":"file:///Users/forest/code/langGraph/flutter_forge/apps/flutter_forge/test/modules/popup_table/popup_widgets/popup_widgets_test.dart"},"type":"testStart","time":8670}
{"testID":251,"result":"success","skipped":false,"hidden":false,"type":"testDone","time":8712}
{"test":{"id":260,"name":"slider gestures update dimensions and reset restores experiment","suiteID":196,"groupIDs":[215],"metadata":{"skip":false,"skipReason":null},"line":174,"column":5,"url":"package:flutter_test/src/widget_tester.dart","root_line":235,"root_column":3,"root_url":"file:///Users/forest/code/langGraph/flutter_forge/apps/flutter_forge/test/modules/basic/constraint_layout/constraint_layout_test.dart"},"type":"testStart","time":8712}
{"testID":258,"result":"success","skipped":false,"hidden":false,"type":"testDone","time":8821}
{"suite":{"id":261,"platform":"vm","path":"/Users/forest/code/langGraph/flutter_forge/apps/flutter_forge/test/modules/state/local_persistence/persistence_demo_controller_test.dart"},"type":"suite","time":8828}
{"test":{"id":262,"name":"loading /Users/forest/code/langGraph/flutter_forge/apps/flutter_forge/test/modules/state/local_persistence/persistence_demo_controller_test.dart","suiteID":261,"groupIDs":[],"metadata":{"skip":false,"skipReason":null},"line":null,"column":null,"url":null},"type":"testStart","time":8828}
{"testID":259,"result":"success","skipped":false,"hidden":false,"type":"testDone","time":8858}
{"test":{"id":263,"name":"PopDemoHomePage toolbar shows date/time picker menu","suiteID":219,"groupIDs":[232],"metadata":{"skip":false,"skipReason":null},"line":174,"column":5,"url":"package:flutter_test/src/widget_tester.dart","root_line":56,"root_column":3,"root_url":"file:///Users/forest/code/langGraph/flutter_forge/apps/flutter_forge/test/modules/popup_table/popup_widgets/popup_widgets_test.dart"},"type":"testStart","time":8858}
{"testID":257,"result":"success","skipped":false,"hidden":false,"type":"testDone","time":8873}
{"test":{"id":264,"name":"popup actions return a result and can be cancelled","suiteID":202,"groupIDs":[221],"metadata":{"skip":false,"skipReason":null},"line":174,"column":5,"url":"package:flutter_test/src/widget_tester.dart","root_line":102,"root_column":3,"root_url":"file:///Users/forest/code/langGraph/flutter_forge/apps/flutter_forge/test/modules/popup_table/popup_list_interaction/popup_list_interaction_test.dart"},"type":"testStart","time":8873}

[{"event":"test.startedProcess","params":{"vmServiceUri":null}}]
{"testID":260,"result":"success","skipped":false,"hidden":false,"type":"testDone","time":8933}
{"test":{"id":265,"name":"all modes fit 320dp with enlarged text","suiteID":196,"groupIDs":[215],"metadata":{"skip":false,"skipReason":null},"line":174,"column":5,"url":"package:flutter_test/src/widget_tester.dart","root_line":270,"root_column":5,"root_url":"file:///Users/forest/code/langGraph/flutter_forge/apps/flutter_forge/test/modules/basic/constraint_layout/constraint_layout_test.dart"},"type":"testStart","time":8934}
{"testID":263,"result":"success","skipped":false,"hidden":false,"type":"testDone","time":8938}
{"test":{"id":266,"name":"leaving during dialog chain opening cleans up the module","suiteID":219,"groupIDs":[232],"metadata":{"skip":false,"skipReason":null},"line":174,"column":5,"url":"package:flutter_test/src/widget_tester.dart","root_line":70,"root_column":5,"root_url":"file:///Users/forest/code/langGraph/flutter_forge/apps/flutter_forge/test/modules/popup_table/popup_widgets/popup_widgets_test.dart"},"type":"testStart","time":8938}
{"testID":264,"result":"success","skipped":false,"hidden":false,"type":"testDone","time":9024}
{"testID":265,"result":"success","skipped":false,"hidden":false,"type":"testDone","time":9114}
{"test":{"id":267,"name":"all modes fit 600dp with enlarged text","suiteID":196,"groupIDs":[215],"metadata":{"skip":false,"skipReason":null},"line":174,"column":5,"url":"package:flutter_test/src/widget_tester.dart","root_line":270,"root_column":5,"root_url":"file:///Users/forest/code/langGraph/flutter_forge/apps/flutter_forge/test/modules/basic/constraint_layout/constraint_layout_test.dart"},"type":"testStart","time":9114}
{"testID":255,"result":"success","skipped":false,"hidden":true,"type":"testDone","time":9185}
{"group":{"id":268,"suiteID":254,"parentID":null,"name":"","metadata":{"skip":false,"skipReason":null},"testCount":1,"line":null,"column":null,"url":null},"type":"group","time":9185}
{"test":{"id":269,"name":"shows loading while preferences are being restored","suiteID":254,"groupIDs":[268],"metadata":{"skip":false,"skipReason":null},"line":174,"column":5,"url":"package:flutter_test/src/widget_tester.dart","root_line":9,"root_column":3,"root_url":"file:///Users/forest/code/langGraph/flutter_forge/apps/flutter_forge/test/modules/state/local_persistence/local_persistence_test.dart"},"type":"testStart","time":9185}
{"testID":262,"result":"success","skipped":false,"hidden":true,"type":"testDone","time":9284}
{"group":{"id":270,"suiteID":261,"parentID":null,"name":"","metadata":{"skip":false,"skipReason":null},"testCount":4,"line":null,"column":null,"url":null},"type":"group","time":9284}
{"test":{"id":271,"name":"starts unloaded and restores persisted values","suiteID":261,"groupIDs":[270],"metadata":{"skip":false,"skipReason":null},"line":20,"column":3,"url":"file:///Users/forest/code/langGraph/flutter_forge/apps/flutter_forge/test/modules/state/local_persistence/persistence_demo_controller_test.dart"},"type":"testStart","time":9284}
{"testID":267,"result":"success","skipped":false,"hidden":false,"type":"testDone","time":9292}
{"test":{"id":272,"name":"all modes fit 1200dp with enlarged text","suiteID":196,"groupIDs":[215],"metadata":{"skip":false,"skipReason":null},"line":174,"column":5,"url":"package:flutter_test/src/widget_tester.dart","root_line":270,"root_column":5,"root_url":"file:///Users/forest/code/langGraph/flutter_forge/apps/flutter_forge/test/modules/basic/constraint_layout/constraint_layout_test.dart"},"type":"testStart","time":9293}
{"testID":271,"result":"success","skipped":false,"hidden":false,"type":"testDone","time":9295}
{"test":{"id":273,"name":"save operations are safe before load","suiteID":261,"groupIDs":[270],"metadata":{"skip":false,"skipReason":null},"line":30,"column":3,"url":"file:///Users/forest/code/langGraph/flutter_forge/apps/flutter_forge/test/modules/state/local_persistence/persistence_demo_controller_test.dart"},"type":"testStart","time":9296}
{"testID":273,"result":"success","skipped":false,"hidden":false,"type":"testDone","time":9297}
{"test":{"id":274,"name":"increment persists the updated count","suiteID":261,"groupIDs":[270],"metadata":{"skip":false,"skipReason":null},"line":36,"column":3,"url":"file:///Users/forest/code/langGraph/flutter_forge/apps/flutter_forge/test/modules/state/local_persistence/persistence_demo_controller_test.dart"},"type":"testStart","time":9297}
{"testID":274,"result":"success","skipped":false,"hidden":false,"type":"testDone","time":9298}
{"test":{"id":275,"name":"clearAll removes values and restores defaults","suiteID":261,"groupIDs":[270],"metadata":{"skip":false,"skipReason":null},"line":45,"column":3,"url":"file:///Users/forest/code/langGraph/flutter_forge/apps/flutter_forge/test/modules/state/local_persistence/persistence_demo_controller_test.dart"},"type":"testStart","time":9298}
{"testID":275,"result":"success","skipped":false,"hidden":false,"type":"testDone","time":9299}
{"testID":266,"result":"success","skipped":false,"hidden":false,"type":"testDone","time":9311}
{"test":{"id":276,"name":"leaving during overlay chain opening cleans up the module","suiteID":219,"groupIDs":[232],"metadata":{"skip":false,"skipReason":null},"line":174,"column":5,"url":"package:flutter_test/src/widget_tester.dart","root_line":70,"root_column":5,"root_url":"file:///Users/forest/code/langGraph/flutter_forge/apps/flutter_forge/test/modules/popup_table/popup_widgets/popup_widgets_test.dart"},"type":"testStart","time":9312}
{"testID":272,"result":"success","skipped":false,"hidden":false,"type":"testDone","time":9417}
{"testID":276,"result":"success","skipped":false,"hidden":false,"type":"testDone","time":9466}
{"test":{"id":277,"name":"context menu disappears when its anchor leaves the page","suiteID":219,"groupIDs":[232],"metadata":{"skip":false,"skipReason":null},"line":174,"column":5,"url":"package:flutter_test/src/widget_tester.dart","root_line":107,"root_column":3,"root_url":"file:///Users/forest/code/langGraph/flutter_forge/apps/flutter_forge/test/modules/popup_table/popup_widgets/popup_widgets_test.dart"},"type":"testStart","time":9466}
{"testID":277,"result":"success","skipped":false,"hidden":false,"type":"testDone","time":9516}
{"testID":269,"result":"success","skipped":false,"hidden":false,"type":"testDone","time":9607}
{"success":true,"type":"done","time":9613}
